dis_image,ref_image,,dmos
1600.AWGN.1.png,1600.png,0.938,0.062
1600.AWGN.2.png,1600.png,0.794,0.206
1600.AWGN.3.png,1600.png,0.738,0.262
1600.AWGN.4.png,1600.png,0.625,0.375
1600.AWGN.5.png,1600.png,0.533,0.467
1600.BLUR.1.png,1600.png,0.957,0.043
1600.BLUR.2.png,1600.png,0.858,0.142
1600.BLUR.3.png,1600.png,0.659,0.341
1600.BLUR.4.png,1600.png,0.529,0.471
1600.BLUR.5.png,1600.png,0.25,0.75
1600.contrast.1.png,1600.png,0.944,0.056
1600.contrast.2.png,1600.png,0.799,0.201
1600.contrast.3.png,1600.png,0.69,0.31
1600.contrast.4.png,1600.png,0.629,0.371
1600.fnoise.1.png,1600.png,0.948,0.052
1600.fnoise.2.png,1600.png,0.747,0.253
1600.fnoise.3.png,1600.png,0.624,0.376
1600.fnoise.4.png,1600.png,0.51,0.49
1600.fnoise.5.png,1600.png,0.435,0.565
1600.JPEG.1.png,1600.png,0.988,0.012
1600.JPEG.2.png,1600.png,0.865,0.135
1600.JPEG.3.png,1600.png,0.636,0.364
1600.JPEG.4.png,1600.png,0.424,0.576
1600.JPEG.5.png,1600.png,0.173,0.827
1600.jpeg2000.1.png,1600.png,0.987,0.013
1600.jpeg2000.2.png,1600.png,0.931,0.069
1600.jpeg2000.3.png,1600.png,0.803,0.197
1600.jpeg2000.4.png,1600.png,0.499,0.501
1600.jpeg2000.5.png,1600.png,0.313,0.687
aerial_city.AWGN.1.png,aerial_city.png,0.968,0.032
aerial_city.AWGN.2.png,aerial_city.png,0.875,0.125
aerial_city.AWGN.3.png,aerial_city.png,0.755,0.245
aerial_city.AWGN.4.png,aerial_city.png,0.627,0.373
aerial_city.AWGN.5.png,aerial_city.png,0.499,0.501
aerial_city.BLUR.1.png,aerial_city.png,0.975,0.025
aerial_city.BLUR.2.png,aerial_city.png,0.886,0.114
aerial_city.BLUR.3.png,aerial_city.png,0.741,0.259
aerial_city.BLUR.4.png,aerial_city.png,0.536,0.464
aerial_city.BLUR.5.png,aerial_city.png,0.104,0.896
aerial_city.contrast.1.png,aerial_city.png,0.962,0.038
aerial_city.contrast.2.png,aerial_city.png,0.837,0.163
aerial_city.contrast.3.png,aerial_city.png,0.633,0.367
aerial_city.contrast.4.png,aerial_city.png,0.547,0.453
aerial_city.fnoise.1.png,aerial_city.png,0.874,0.126
aerial_city.fnoise.2.png,aerial_city.png,0.681,0.319
aerial_city.fnoise.3.png,aerial_city.png,0.525,0.475
aerial_city.fnoise.4.png,aerial_city.png,0.399,0.601
aerial_city.fnoise.5.png,aerial_city.png,0.292,0.708
aerial_city.JPEG.1.png,aerial_city.png,0.973,0.027
aerial_city.JPEG.2.png,aerial_city.png,0.809,0.191
aerial_city.JPEG.3.png,aerial_city.png,0.514,0.486
aerial_city.JPEG.4.png,aerial_city.png,0.246,0.754
aerial_city.JPEG.5.png,aerial_city.png,0.044,0.956
aerial_city.jpeg2000.1.png,aerial_city.png,0.97,0.03
aerial_city.jpeg2000.2.png,aerial_city.png,0.935,0.065
aerial_city.jpeg2000.3.png,aerial_city.png,0.611,0.389
aerial_city.jpeg2000.4.png,aerial_city.png,0.393,0.607
aerial_city.jpeg2000.5.png,aerial_city.png,0.181,0.819
boston.AWGN.1.png,boston.png,0.971,0.029
boston.AWGN.2.png,boston.png,0.919,0.081
boston.AWGN.3.png,boston.png,0.785,0.215
boston.AWGN.4.png,boston.png,0.617,0.383
boston.AWGN.5.png,boston.png,0.528,0.472
boston.BLUR.1.png,boston.png,0.917,0.083
boston.BLUR.2.png,boston.png,0.784,0.216
boston.BLUR.3.png,boston.png,0.637,0.363
boston.BLUR.4.png,boston.png,0.429,0.571
boston.BLUR.5.png,boston.png,0.087,0.913
boston.contrast.1.png,boston.png,0.883,0.117
boston.contrast.2.png,boston.png,0.661,0.339
boston.contrast.3.png,boston.png,0.395,0.605
boston.contrast.4.png,boston.png,0.31,0.69
boston.fnoise.1.png,boston.png,0.932,0.068
boston.fnoise.2.png,boston.png,0.757,0.243
boston.fnoise.3.png,boston.png,0.502,0.498
boston.fnoise.4.png,boston.png,0.38,0.62
boston.fnoise.5.png,boston.png,0.276,0.724
boston.JPEG.1.png,boston.png,1,0
boston.JPEG.2.png,boston.png,0.882,0.118
boston.JPEG.3.png,boston.png,0.611,0.389
boston.JPEG.4.png,boston.png,0.303,0.697
boston.JPEG.5.png,boston.png,0.096,0.904
boston.jpeg2000.1.png,boston.png,1,0
boston.jpeg2000.2.png,boston.png,0.95,0.05
boston.jpeg2000.3.png,boston.png,0.672,0.328
boston.jpeg2000.4.png,boston.png,0.263,0.737
boston.jpeg2000.5.png,boston.png,0.168,0.832
bridge.AWGN.1.png,bridge.png,0.972,0.028
bridge.AWGN.2.png,bridge.png,0.912,0.088
bridge.AWGN.3.png,bridge.png,0.748,0.252
bridge.AWGN.4.png,bridge.png,0.591,0.409
bridge.AWGN.5.png,bridge.png,0.483,0.517
bridge.BLUR.1.png,bridge.png,0.939,0.061
bridge.BLUR.2.png,bridge.png,0.818,0.182
bridge.BLUR.3.png,bridge.png,0.652,0.348
bridge.BLUR.4.png,bridge.png,0.364,0.636
bridge.BLUR.5.png,bridge.png,0.223,0.777
bridge.contrast.1.png,bridge.png,0.964,0.036
bridge.contrast.2.png,bridge.png,0.861,0.139
bridge.contrast.3.png,bridge.png,0.655,0.345
bridge.contrast.4.png,bridge.png,0.542,0.458
bridge.fnoise.1.png,bridge.png,0.949,0.051
bridge.fnoise.2.png,bridge.png,0.707,0.293
bridge.fnoise.3.png,bridge.png,0.571,0.429
bridge.fnoise.4.png,bridge.png,0.405,0.595
bridge.fnoise.5.png,bridge.png,0.303,0.697
bridge.JPEG.1.png,bridge.png,0.962,0.038
bridge.JPEG.2.png,bridge.png,0.797,0.203
bridge.JPEG.3.png,bridge.png,0.591,0.409
bridge.JPEG.4.png,bridge.png,0.349,0.651
bridge.JPEG.5.png,bridge.png,0.175,0.825
bridge.jpeg2000.1.png,bridge.png,0.963,0.037
bridge.jpeg2000.2.png,bridge.png,0.924,0.076
bridge.jpeg2000.3.png,bridge.png,0.727,0.273
bridge.jpeg2000.4.png,bridge.png,0.257,0.743
bridge.jpeg2000.5.png,bridge.png,0.184,0.816
butter_flower.AWGN.1.png,butter_flower.png,0.973,0.027
butter_flower.AWGN.2.png,butter_flower.png,0.911,0.089
butter_flower.AWGN.3.png,butter_flower.png,0.748,0.252
butter_flower.AWGN.4.png,butter_flower.png,0.565,0.435
butter_flower.AWGN.5.png,butter_flower.png,0.455,0.545
butter_flower.BLUR.1.png,butter_flower.png,0.922,0.078
butter_flower.BLUR.2.png,butter_flower.png,0.798,0.202
butter_flower.BLUR.3.png,butter_flower.png,0.518,0.482
butter_flower.BLUR.4.png,butter_flower.png,0.221,0.779
butter_flower.BLUR.5.png,butter_flower.png,0.047,0.953
butter_flower.contrast.1.png,butter_flower.png,0.93,0.07
butter_flower.contrast.2.png,butter_flower.png,0.744,0.256
butter_flower.contrast.3.png,butter_flower.png,0.485,0.515
butter_flower.contrast.4.png,butter_flower.png,0.385,0.615
butter_flower.fnoise.1.png,butter_flower.png,0.972,0.028
butter_flower.fnoise.2.png,butter_flower.png,0.805,0.195
butter_flower.fnoise.3.png,butter_flower.png,0.618,0.382
butter_flower.fnoise.4.png,butter_flower.png,0.451,0.549
butter_flower.fnoise.5.png,butter_flower.png,0.273,0.727
butter_flower.JPEG.1.png,butter_flower.png,0.972,0.028
butter_flower.JPEG.2.png,butter_flower.png,0.857,0.143
butter_flower.JPEG.3.png,butter_flower.png,0.54,0.46
butter_flower.JPEG.4.png,butter_flower.png,0.221,0.779
butter_flower.JPEG.5.png,butter_flower.png,0.074,0.926
butter_flower.jpeg2000.1.png,butter_flower.png,0.977,0.023
butter_flower.jpeg2000.2.png,butter_flower.png,0.969,0.031
butter_flower.jpeg2000.3.png,butter_flower.png,0.59,0.41
butter_flower.jpeg2000.4.png,butter_flower.png,0.301,0.699
butter_flower.jpeg2000.5.png,butter_flower.png,0.192,0.808
cactus.AWGN.1.png,cactus.png,0.896,0.104
cactus.AWGN.2.png,cactus.png,0.794,0.206
cactus.AWGN.3.png,cactus.png,0.651,0.349
cactus.AWGN.4.png,cactus.png,0.561,0.439
cactus.AWGN.5.png,cactus.png,0.502,0.498
cactus.BLUR.1.png,cactus.png,0.933,0.067
cactus.BLUR.2.png,cactus.png,0.853,0.147
cactus.BLUR.3.png,cactus.png,0.601,0.399
cactus.BLUR.4.png,cactus.png,0.492,0.508
cactus.BLUR.5.png,cactus.png,0.25,0.75
cactus.contrast.1.png,cactus.png,0.889,0.111
cactus.contrast.2.png,cactus.png,0.715,0.285
cactus.contrast.3.png,cactus.png,0.592,0.408
cactus.contrast.4.png,cactus.png,0.483,0.517
cactus.fnoise.1.png,cactus.png,0.778,0.222
cactus.fnoise.2.png,cactus.png,0.675,0.325
cactus.fnoise.3.png,cactus.png,0.497,0.503
cactus.fnoise.4.png,cactus.png,0.405,0.595
cactus.fnoise.5.png,cactus.png,0.333,0.667
cactus.JPEG.1.png,cactus.png,0.921,0.079
cactus.JPEG.2.png,cactus.png,0.791,0.209
cactus.JPEG.3.png,cactus.png,0.595,0.405
cactus.JPEG.4.png,cactus.png,0.361,0.639
cactus.JPEG.5.png,cactus.png,0.215,0.785
cactus.jpeg2000.1.png,cactus.png,0.959,0.041
cactus.jpeg2000.2.png,cactus.png,0.84,0.16
cactus.jpeg2000.3.png,cactus.png,0.622,0.378
cactus.jpeg2000.4.png,cactus.png,0.296,0.704
cactus.jpeg2000.5.png,cactus.png,0.188,0.812
child_swimming.AWGN.1.png,child_swimming.png,0.972,0.028
child_swimming.AWGN.2.png,child_swimming.png,0.88,0.12
child_swimming.AWGN.3.png,child_swimming.png,0.728,0.272
child_swimming.AWGN.4.png,child_swimming.png,0.587,0.413
child_swimming.AWGN.5.png,child_swimming.png,0.511,0.489
child_swimming.BLUR.1.png,child_swimming.png,0.968,0.032
child_swimming.BLUR.2.png,child_swimming.png,0.813,0.187
child_swimming.BLUR.3.png,child_swimming.png,0.71,0.29
child_swimming.BLUR.4.png,child_swimming.png,0.515,0.485
child_swimming.BLUR.5.png,child_swimming.png,0.242,0.758
child_swimming.contrast.1.png,child_swimming.png,0.857,0.143
child_swimming.contrast.2.png,child_swimming.png,0.711,0.289
child_swimming.contrast.3.png,child_swimming.png,0.446,0.554
child_swimming.contrast.4.png,child_swimming.png,0.435,0.565
child_swimming.fnoise.1.png,child_swimming.png,0.968,0.032
child_swimming.fnoise.2.png,child_swimming.png,0.774,0.226
child_swimming.fnoise.3.png,child_swimming.png,0.624,0.376
child_swimming.fnoise.4.png,child_swimming.png,0.43,0.57
child_swimming.fnoise.5.png,child_swimming.png,0.301,0.699
child_swimming.JPEG.1.png,child_swimming.png,0.971,0.029
child_swimming.JPEG.2.png,child_swimming.png,0.957,0.043
child_swimming.JPEG.3.png,child_swimming.png,0.677,0.323
child_swimming.JPEG.4.png,child_swimming.png,0.453,0.547
child_swimming.JPEG.5.png,child_swimming.png,0.234,0.766
child_swimming.jpeg2000.1.png,child_swimming.png,0.971,0.029
child_swimming.jpeg2000.2.png,child_swimming.png,0.97,0.03
child_swimming.jpeg2000.3.png,child_swimming.png,0.764,0.236
child_swimming.jpeg2000.4.png,child_swimming.png,0.486,0.514
child_swimming.jpeg2000.5.png,child_swimming.png,0.304,0.696
couple.AWGN.1.png,couple.png,0.994,0.006
couple.AWGN.2.png,couple.png,0.891,0.109
couple.AWGN.3.png,couple.png,0.796,0.204
couple.AWGN.4.png,couple.png,0.675,0.325
couple.AWGN.5.png,couple.png,0.53,0.47
couple.BLUR.1.png,couple.png,0.953,0.047
couple.BLUR.2.png,couple.png,0.751,0.249
couple.BLUR.3.png,couple.png,0.592,0.408
couple.BLUR.4.png,couple.png,0.411,0.589
couple.BLUR.5.png,couple.png,0.215,0.785
couple.contrast.1.png,couple.png,0.903,0.097
couple.contrast.2.png,couple.png,0.79,0.21
couple.contrast.3.png,couple.png,0.648,0.352
couple.contrast.4.png,couple.png,0.583,0.417
couple.fnoise.1.png,couple.png,0.988,0.012
couple.fnoise.2.png,couple.png,0.911,0.089
couple.fnoise.3.png,couple.png,0.735,0.265
couple.fnoise.4.png,couple.png,0.533,0.467
couple.fnoise.5.png,couple.png,0.361,0.639
couple.JPEG.1.png,couple.png,0.998,0.002
couple.JPEG.2.png,couple.png,0.927,0.073
couple.JPEG.3.png,couple.png,0.614,0.386
couple.JPEG.4.png,couple.png,0.369,0.631
couple.JPEG.5.png,couple.png,0.195,0.805
couple.jpeg2000.1.png,couple.png,0.998,0.002
couple.jpeg2000.2.png,couple.png,0.966,0.034
couple.jpeg2000.3.png,couple.png,0.742,0.258
couple.jpeg2000.4.png,couple.png,0.414,0.586
couple.jpeg2000.5.png,couple.png,0.276,0.724
elk.AWGN.1.png,elk.png,0.967,0.033
elk.AWGN.2.png,elk.png,0.935,0.065
elk.AWGN.3.png,elk.png,0.828,0.172
elk.AWGN.4.png,elk.png,0.763,0.237
elk.AWGN.5.png,elk.png,0.642,0.358
elk.BLUR.1.png,elk.png,0.956,0.044
elk.BLUR.2.png,elk.png,0.878,0.122
elk.BLUR.3.png,elk.png,0.753,0.247
elk.BLUR.4.png,elk.png,0.595,0.405
elk.BLUR.5.png,elk.png,0.237,0.763
elk.contrast.1.png,elk.png,0.924,0.076
elk.contrast.2.png,elk.png,0.8,0.2
elk.contrast.3.png,elk.png,0.601,0.399
elk.fnoise.1.png,elk.png,0.954,0.046
elk.fnoise.2.png,elk.png,0.753,0.247
elk.fnoise.3.png,elk.png,0.629,0.371
elk.fnoise.4.png,elk.png,0.516,0.484
elk.fnoise.5.png,elk.png,0.355,0.645
elk.JPEG.1.png,elk.png,0.973,0.027
elk.JPEG.2.png,elk.png,0.926,0.074
elk.JPEG.3.png,elk.png,0.755,0.245
elk.JPEG.4.png,elk.png,0.454,0.546
elk.JPEG.5.png,elk.png,0.189,0.811
elk.jpeg2000.1.png,elk.png,0.968,0.032
elk.jpeg2000.2.png,elk.png,0.932,0.068
elk.jpeg2000.3.png,elk.png,0.78,0.22
elk.jpeg2000.4.png,elk.png,0.45,0.55
elk.jpeg2000.5.png,elk.png,0.29,0.71
family.AWGN.1.png,family.png,0.912,0.088
family.AWGN.2.png,family.png,0.85,0.15
family.AWGN.3.png,family.png,0.725,0.275
family.AWGN.4.png,family.png,0.625,0.375
family.AWGN.5.png,family.png,0.52,0.48
family.BLUR.1.png,family.png,0.963,0.037
family.BLUR.2.png,family.png,0.851,0.149
family.BLUR.3.png,family.png,0.738,0.262
family.BLUR.4.png,family.png,0.462,0.538
family.BLUR.5.png,family.png,0.144,0.856
family.contrast.1.png,family.png,0.973,0.027
family.contrast.2.png,family.png,0.855,0.145
family.contrast.3.png,family.png,0.72,0.28
family.contrast.4.png,family.png,0.621,0.379
family.fnoise.1.png,family.png,0.83,0.17
family.fnoise.2.png,family.png,0.728,0.272
family.fnoise.3.png,family.png,0.552,0.448
family.fnoise.4.png,family.png,0.431,0.569
family.fnoise.5.png,family.png,0.319,0.681
family.JPEG.1.png,family.png,0.956,0.044
family.JPEG.2.png,family.png,0.762,0.238
family.JPEG.3.png,family.png,0.441,0.559
family.JPEG.4.png,family.png,0.238,0.762
family.JPEG.5.png,family.png,0.023,0.977
family.jpeg2000.1.png,family.png,0.978,0.022
family.jpeg2000.2.png,family.png,0.866,0.134
family.jpeg2000.3.png,family.png,0.353,0.647
family.jpeg2000.4.png,family.png,0.238,0.762
family.jpeg2000.5.png,family.png,0.154,0.846
fisher.AWGN.1.png,fisher.png,0.948,0.052
fisher.AWGN.2.png,fisher.png,0.87,0.13
fisher.AWGN.3.png,fisher.png,0.784,0.216
fisher.AWGN.4.png,fisher.png,0.688,0.312
fisher.AWGN.5.png,fisher.png,0.56,0.44
fisher.BLUR.1.png,fisher.png,0.944,0.056
fisher.BLUR.2.png,fisher.png,0.639,0.361
fisher.BLUR.3.png,fisher.png,0.417,0.583
fisher.BLUR.4.png,fisher.png,0.2,0.8
fisher.BLUR.5.png,fisher.png,0.087,0.913
fisher.contrast.1.png,fisher.png,0.91,0.09
fisher.contrast.2.png,fisher.png,0.788,0.212
fisher.contrast.3.png,fisher.png,0.658,0.342
fisher.contrast.4.png,fisher.png,0.611,0.389
fisher.fnoise.1.png,fisher.png,0.934,0.066
fisher.fnoise.2.png,fisher.png,0.73,0.27
fisher.fnoise.3.png,fisher.png,0.597,0.403
fisher.fnoise.4.png,fisher.png,0.513,0.487
fisher.fnoise.5.png,fisher.png,0.393,0.607
fisher.JPEG.1.png,fisher.png,0.992,0.008
fisher.JPEG.2.png,fisher.png,0.824,0.176
fisher.JPEG.3.png,fisher.png,0.482,0.518
fisher.JPEG.4.png,fisher.png,0.192,0.808
fisher.JPEG.5.png,fisher.png,0.028,0.972
fisher.jpeg2000.1.png,fisher.png,0.992,0.008
fisher.jpeg2000.2.png,fisher.png,0.82,0.18
fisher.jpeg2000.3.png,fisher.png,0.482,0.518
fisher.jpeg2000.4.png,fisher.png,0.275,0.725
fisher.jpeg2000.5.png,fisher.png,0.209,0.791
foxy.AWGN.1.png,foxy.png,0.986,0.014
foxy.AWGN.2.png,foxy.png,0.936,0.064
foxy.AWGN.3.png,foxy.png,0.864,0.136
foxy.AWGN.4.png,foxy.png,0.75,0.25
foxy.AWGN.5.png,foxy.png,0.619,0.381
foxy.BLUR.1.png,foxy.png,0.984,0.016
foxy.BLUR.2.png,foxy.png,0.89,0.11
foxy.BLUR.3.png,foxy.png,0.82,0.18
foxy.BLUR.4.png,foxy.png,0.71,0.29
foxy.BLUR.5.png,foxy.png,0.558,0.442
foxy.contrast.1.png,foxy.png,0.953,0.047
foxy.contrast.2.png,foxy.png,0.817,0.183
foxy.contrast.3.png,foxy.png,0.644,0.356
foxy.contrast.4.png,foxy.png,0.53,0.47
foxy.fnoise.1.png,foxy.png,0.977,0.023
foxy.fnoise.2.png,foxy.png,0.908,0.092
foxy.fnoise.3.png,foxy.png,0.667,0.333
foxy.fnoise.4.png,foxy.png,0.599,0.401
foxy.fnoise.5.png,foxy.png,0.424,0.576
foxy.JPEG.1.png,foxy.png,0.985,0.015
foxy.JPEG.2.png,foxy.png,0.944,0.056
foxy.JPEG.3.png,foxy.png,0.821,0.179
foxy.JPEG.4.png,foxy.png,0.621,0.379
foxy.JPEG.5.png,foxy.png,0.391,0.609
foxy.jpeg2000.1.png,foxy.png,0.984,0.016
foxy.jpeg2000.2.png,foxy.png,0.925,0.075
foxy.jpeg2000.3.png,foxy.png,0.846,0.154
foxy.jpeg2000.4.png,foxy.png,0.678,0.322
foxy.jpeg2000.5.png,foxy.png,0.449,0.551
geckos.AWGN.1.png,geckos.png,0.971,0.029
geckos.AWGN.2.png,geckos.png,0.94,0.06
geckos.AWGN.3.png,geckos.png,0.883,0.117
geckos.AWGN.4.png,geckos.png,0.798,0.202
geckos.AWGN.5.png,geckos.png,0.664,0.336
geckos.BLUR.1.png,geckos.png,0.987,0.013
geckos.BLUR.2.png,geckos.png,0.932,0.068
geckos.BLUR.3.png,geckos.png,0.769,0.231
geckos.BLUR.4.png,geckos.png,0.659,0.341
geckos.BLUR.5.png,geckos.png,0.43,0.57
geckos.contrast.1.png,geckos.png,0.895,0.105
geckos.contrast.2.png,geckos.png,0.761,0.239
geckos.contrast.3.png,geckos.png,0.548,0.452
geckos.fnoise.1.png,geckos.png,0.996,0.004
geckos.fnoise.2.png,geckos.png,0.81,0.19
geckos.fnoise.3.png,geckos.png,0.662,0.338
geckos.fnoise.4.png,geckos.png,0.549,0.451
geckos.fnoise.5.png,geckos.png,0.39,0.61
geckos.JPEG.1.png,geckos.png,0.978,0.022
geckos.JPEG.2.png,geckos.png,0.956,0.044
geckos.JPEG.3.png,geckos.png,0.83,0.17
geckos.JPEG.4.png,geckos.png,0.623,0.377
geckos.JPEG.5.png,geckos.png,0.383,0.617
geckos.jpeg2000.1.png,geckos.png,0.978,0.022
geckos.jpeg2000.2.png,geckos.png,0.953,0.047
geckos.jpeg2000.3.png,geckos.png,0.865,0.135
geckos.jpeg2000.4.png,geckos.png,0.537,0.463
geckos.jpeg2000.5.png,geckos.png,0.266,0.734
lady_liberty.AWGN.1.png,lady_liberty.png,0.968,0.032
lady_liberty.AWGN.2.png,lady_liberty.png,0.849,0.151
lady_liberty.AWGN.3.png,lady_liberty.png,0.745,0.255
lady_liberty.AWGN.4.png,lady_liberty.png,0.616,0.384
lady_liberty.AWGN.5.png,lady_liberty.png,0.513,0.487
lady_liberty.BLUR.1.png,lady_liberty.png,0.941,0.059
lady_liberty.BLUR.2.png,lady_liberty.png,0.773,0.227
lady_liberty.BLUR.3.png,lady_liberty.png,0.538,0.462
lady_liberty.BLUR.4.png,lady_liberty.png,0.327,0.673
lady_liberty.BLUR.5.png,lady_liberty.png,0.034,0.966
lady_liberty.contrast.1.png,lady_liberty.png,0.908,0.092
lady_liberty.contrast.2.png,lady_liberty.png,0.695,0.305
lady_liberty.contrast.3.png,lady_liberty.png,0.359,0.641
lady_liberty.fnoise.1.png,lady_liberty.png,0.968,0.032
lady_liberty.fnoise.2.png,lady_liberty.png,0.807,0.193
lady_liberty.fnoise.3.png,lady_liberty.png,0.648,0.352
lady_liberty.fnoise.4.png,lady_liberty.png,0.495,0.505
lady_liberty.fnoise.5.png,lady_liberty.png,0.358,0.642
lady_liberty.JPEG.1.png,lady_liberty.png,0.969,0.031
lady_liberty.JPEG.2.png,lady_liberty.png,0.733,0.267
lady_liberty.JPEG.3.png,lady_liberty.png,0.491,0.509
lady_liberty.JPEG.4.png,lady_liberty.png,0.237,0.763
lady_liberty.JPEG.5.png,lady_liberty.png,0.093,0.907
lady_liberty.jpeg2000.1.png,lady_liberty.png,0.983,0.017
lady_liberty.jpeg2000.2.png,lady_liberty.png,0.726,0.274
lady_liberty.jpeg2000.3.png,lady_liberty.png,0.468,0.532
lady_liberty.jpeg2000.4.png,lady_liberty.png,0.345,0.655
lady_liberty.jpeg2000.5.png,lady_liberty.png,0.23,0.77
lake.AWGN.1.png,lake.png,0.978,0.022
lake.AWGN.2.png,lake.png,0.863,0.137
lake.AWGN.3.png,lake.png,0.705,0.295
lake.AWGN.4.png,lake.png,0.563,0.437
lake.AWGN.5.png,lake.png,0.464,0.536
lake.BLUR.1.png,lake.png,0.926,0.074
lake.BLUR.2.png,lake.png,0.837,0.163
lake.BLUR.3.png,lake.png,0.704,0.296
lake.BLUR.4.png,lake.png,0.53,0.47
lake.BLUR.5.png,lake.png,0.345,0.655
lake.contrast.1.png,lake.png,0.906,0.094
lake.contrast.2.png,lake.png,0.735,0.265
lake.contrast.3.png,lake.png,0.59,0.41
lake.contrast.4.png,lake.png,0.494,0.506
lake.fnoise.1.png,lake.png,0.875,0.125
lake.fnoise.2.png,lake.png,0.71,0.29
lake.fnoise.3.png,lake.png,0.56,0.44
lake.fnoise.4.png,lake.png,0.429,0.571
lake.fnoise.5.png,lake.png,0.341,0.659
lake.JPEG.1.png,lake.png,0.935,0.065
lake.JPEG.2.png,lake.png,0.833,0.167
lake.JPEG.3.png,lake.png,0.752,0.248
lake.JPEG.4.png,lake.png,0.592,0.408
lake.JPEG.5.png,lake.png,0.318,0.682
lake.jpeg2000.1.png,lake.png,0.979,0.021
lake.jpeg2000.2.png,lake.png,0.921,0.079
lake.jpeg2000.3.png,lake.png,0.844,0.156
lake.jpeg2000.4.png,lake.png,0.571,0.429
lake.jpeg2000.5.png,lake.png,0.27,0.73
log_seaside.AWGN.1.png,log_seaside.png,1,0
log_seaside.AWGN.2.png,log_seaside.png,0.943,0.057
log_seaside.AWGN.3.png,log_seaside.png,0.868,0.132
log_seaside.AWGN.4.png,log_seaside.png,0.733,0.267
log_seaside.AWGN.5.png,log_seaside.png,0.558,0.442
log_seaside.BLUR.1.png,log_seaside.png,0.987,0.013
log_seaside.BLUR.2.png,log_seaside.png,0.922,0.078
log_seaside.BLUR.3.png,log_seaside.png,0.793,0.207
log_seaside.BLUR.4.png,log_seaside.png,0.649,0.351
log_seaside.BLUR.5.png,log_seaside.png,0.41,0.59
log_seaside.contrast.1.png,log_seaside.png,0.977,0.023
log_seaside.contrast.2.png,log_seaside.png,0.843,0.157
log_seaside.contrast.3.png,log_seaside.png,0.631,0.369
log_seaside.contrast.4.png,log_seaside.png,0.542,0.458
log_seaside.fnoise.1.png,log_seaside.png,0.982,0.018
log_seaside.fnoise.2.png,log_seaside.png,0.857,0.143
log_seaside.fnoise.3.png,log_seaside.png,0.677,0.323
log_seaside.fnoise.4.png,log_seaside.png,0.482,0.518
log_seaside.fnoise.5.png,log_seaside.png,0.327,0.673
log_seaside.JPEG.1.png,log_seaside.png,1,0
log_seaside.JPEG.2.png,log_seaside.png,0.955,0.045
log_seaside.JPEG.3.png,log_seaside.png,0.84,0.16
log_seaside.JPEG.4.png,log_seaside.png,0.606,0.394
log_seaside.JPEG.5.png,log_seaside.png,0.307,0.693
log_seaside.jpeg2000.1.png,log_seaside.png,1,0
log_seaside.jpeg2000.2.png,log_seaside.png,0.991,0.009
log_seaside.jpeg2000.3.png,log_seaside.png,0.962,0.038
log_seaside.jpeg2000.4.png,log_seaside.png,0.731,0.269
log_seaside.jpeg2000.5.png,log_seaside.png,0.361,0.639
monument.AWGN.1.png,monument.png,0.988,0.012
monument.AWGN.2.png,monument.png,0.919,0.081
monument.AWGN.3.png,monument.png,0.817,0.183
monument.AWGN.4.png,monument.png,0.675,0.325
monument.AWGN.5.png,monument.png,0.532,0.468
monument.BLUR.1.png,monument.png,0.952,0.048
monument.BLUR.2.png,monument.png,0.823,0.177
monument.BLUR.3.png,monument.png,0.641,0.359
monument.BLUR.4.png,monument.png,0.412,0.588
monument.BLUR.5.png,monument.png,0.21,0.79
monument.contrast.1.png,monument.png,0.987,0.013
monument.contrast.2.png,monument.png,0.858,0.142
monument.contrast.3.png,monument.png,0.742,0.258
monument.contrast.4.png,monument.png,0.677,0.323
monument.fnoise.1.png,monument.png,0.969,0.031
monument.fnoise.2.png,monument.png,0.792,0.208
monument.fnoise.3.png,monument.png,0.68,0.32
monument.fnoise.4.png,monument.png,0.486,0.514
monument.fnoise.5.png,monument.png,0.402,0.598
monument.JPEG.1.png,monument.png,0.985,0.015
monument.JPEG.2.png,monument.png,0.894,0.106
monument.JPEG.3.png,monument.png,0.619,0.381
monument.JPEG.4.png,monument.png,0.335,0.665
monument.JPEG.5.png,monument.png,0.179,0.821
monument.jpeg2000.1.png,monument.png,0.984,0.016
monument.jpeg2000.2.png,monument.png,0.937,0.063
monument.jpeg2000.3.png,monument.png,0.676,0.324
monument.jpeg2000.4.png,monument.png,0.432,0.568
monument.jpeg2000.5.png,monument.png,0.234,0.766
native_american.AWGN.1.png,native_american.png,0.96,0.04
native_american.AWGN.2.png,native_american.png,0.931,0.069
native_american.AWGN.3.png,native_american.png,0.776,0.224
native_american.AWGN.4.png,native_american.png,0.599,0.401
native_american.AWGN.5.png,native_american.png,0.524,0.476
native_american.BLUR.1.png,native_american.png,0.965,0.035
native_american.BLUR.2.png,native_american.png,0.828,0.172
native_american.BLUR.3.png,native_american.png,0.635,0.365
native_american.BLUR.4.png,native_american.png,0.393,0.607
native_american.BLUR.5.png,native_american.png,0.132,0.868
native_american.contrast.1.png,native_american.png,0.938,0.062
native_american.contrast.2.png,native_american.png,0.776,0.224
native_american.contrast.3.png,native_american.png,0.63,0.37
native_american.contrast.4.png,native_american.png,0.541,0.459
native_american.fnoise.1.png,native_american.png,0.913,0.087
native_american.fnoise.2.png,native_american.png,0.746,0.254
native_american.fnoise.3.png,native_american.png,0.509,0.491
native_american.fnoise.4.png,native_american.png,0.382,0.618
native_american.fnoise.5.png,native_american.png,0.265,0.735
native_american.JPEG.1.png,native_american.png,0.945,0.055
native_american.JPEG.2.png,native_american.png,0.85,0.15
native_american.JPEG.3.png,native_american.png,0.627,0.373
native_american.JPEG.4.png,native_american.png,0.277,0.723
native_american.JPEG.5.png,native_american.png,0.113,0.887
native_american.jpeg2000.1.png,native_american.png,0.977,0.023
native_american.jpeg2000.2.png,native_american.png,0.908,0.092
native_american.jpeg2000.3.png,native_american.png,0.638,0.362
native_american.jpeg2000.4.png,native_american.png,0.301,0.699
native_american.jpeg2000.5.png,native_american.png,0.173,0.827
redwood.AWGN.1.png,redwood.png,0.949,0.051
redwood.AWGN.2.png,redwood.png,0.812,0.188
redwood.AWGN.3.png,redwood.png,0.677,0.323
redwood.AWGN.4.png,redwood.png,0.568,0.432
redwood.AWGN.5.png,redwood.png,0.455,0.545
redwood.BLUR.1.png,redwood.png,0.912,0.088
redwood.BLUR.2.png,redwood.png,0.77,0.23
redwood.BLUR.3.png,redwood.png,0.619,0.381
redwood.BLUR.4.png,redwood.png,0.431,0.569
redwood.BLUR.5.png,redwood.png,0.154,0.846
redwood.contrast.1.png,redwood.png,0.926,0.074
redwood.contrast.2.png,redwood.png,0.802,0.198
redwood.contrast.3.png,redwood.png,0.61,0.39
redwood.contrast.4.png,redwood.png,0.529,0.471
redwood.fnoise.1.png,redwood.png,0.905,0.095
redwood.fnoise.2.png,redwood.png,0.69,0.31
redwood.fnoise.3.png,redwood.png,0.476,0.524
redwood.fnoise.4.png,redwood.png,0.347,0.653
redwood.fnoise.5.png,redwood.png,0.248,0.752
redwood.JPEG.1.png,redwood.png,0.968,0.032
redwood.JPEG.2.png,redwood.png,0.818,0.182
redwood.JPEG.3.png,redwood.png,0.566,0.434
redwood.JPEG.4.png,redwood.png,0.319,0.681
redwood.JPEG.5.png,redwood.png,0.114,0.886
redwood.jpeg2000.1.png,redwood.png,0.973,0.027
redwood.jpeg2000.2.png,redwood.png,0.901,0.099
redwood.jpeg2000.3.png,redwood.png,0.575,0.425
redwood.jpeg2000.4.png,redwood.png,0.255,0.745
redwood.jpeg2000.5.png,redwood.png,0.154,0.846
roping.AWGN.1.png,roping.png,0.997,0.003
roping.AWGN.2.png,roping.png,0.895,0.105
roping.AWGN.3.png,roping.png,0.815,0.185
roping.AWGN.4.png,roping.png,0.618,0.382
roping.AWGN.5.png,roping.png,0.487,0.513
roping.BLUR.1.png,roping.png,0.966,0.034
roping.BLUR.2.png,roping.png,0.812,0.188
roping.BLUR.3.png,roping.png,0.529,0.471
roping.BLUR.4.png,roping.png,0.33,0.67
roping.BLUR.5.png,roping.png,0.12,0.88
roping.contrast.1.png,roping.png,0.944,0.056
roping.contrast.2.png,roping.png,0.808,0.192
roping.contrast.3.png,roping.png,0.629,0.371
roping.contrast.4.png,roping.png,0.55,0.45
roping.fnoise.1.png,roping.png,0.968,0.032
roping.fnoise.2.png,roping.png,0.861,0.139
roping.fnoise.3.png,roping.png,0.664,0.336
roping.fnoise.4.png,roping.png,0.487,0.513
roping.fnoise.5.png,roping.png,0.262,0.738
roping.JPEG.1.png,roping.png,0.983,0.017
roping.JPEG.2.png,roping.png,0.828,0.172
roping.JPEG.3.png,roping.png,0.636,0.364
roping.JPEG.4.png,roping.png,0.329,0.671
roping.JPEG.5.png,roping.png,0.09,0.91
roping.jpeg2000.1.png,roping.png,0.986,0.014
roping.jpeg2000.2.png,roping.png,0.925,0.075
roping.jpeg2000.3.png,roping.png,0.7,0.3
roping.jpeg2000.4.png,roping.png,0.401,0.599
roping.jpeg2000.5.png,roping.png,0.171,0.829
rushmore.AWGN.1.png,rushmore.png,0.968,0.032
rushmore.AWGN.2.png,rushmore.png,0.869,0.131
rushmore.AWGN.3.png,rushmore.png,0.741,0.259
rushmore.AWGN.4.png,rushmore.png,0.618,0.382
rushmore.AWGN.5.png,rushmore.png,0.487,0.513
rushmore.BLUR.1.png,rushmore.png,0.989,0.011
rushmore.BLUR.2.png,rushmore.png,0.917,0.083
rushmore.BLUR.3.png,rushmore.png,0.758,0.242
rushmore.BLUR.4.png,rushmore.png,0.584,0.416
rushmore.BLUR.5.png,rushmore.png,0.342,0.658
rushmore.contrast.1.png,rushmore.png,0.875,0.125
rushmore.contrast.2.png,rushmore.png,0.71,0.29
rushmore.contrast.3.png,rushmore.png,0.607,0.393
rushmore.contrast.4.png,rushmore.png,0.494,0.506
rushmore.fnoise.1.png,rushmore.png,0.802,0.198
rushmore.fnoise.2.png,rushmore.png,0.703,0.297
rushmore.fnoise.3.png,rushmore.png,0.578,0.422
rushmore.fnoise.4.png,rushmore.png,0.453,0.547
rushmore.fnoise.5.png,rushmore.png,0.364,0.636
rushmore.JPEG.1.png,rushmore.png,0.982,0.018
rushmore.JPEG.2.png,rushmore.png,0.91,0.09
rushmore.JPEG.3.png,rushmore.png,0.694,0.306
rushmore.JPEG.4.png,rushmore.png,0.499,0.501
rushmore.JPEG.5.png,rushmore.png,0.246,0.754
rushmore.jpeg2000.1.png,rushmore.png,0.976,0.024
rushmore.jpeg2000.2.png,rushmore.png,0.957,0.043
rushmore.jpeg2000.3.png,rushmore.png,0.819,0.181
rushmore.jpeg2000.4.png,rushmore.png,0.463,0.537
rushmore.jpeg2000.5.png,rushmore.png,0.334,0.666
shroom.AWGN.1.png,shroom.png,0.969,0.031
shroom.AWGN.2.png,shroom.png,0.864,0.136
shroom.AWGN.3.png,shroom.png,0.763,0.237
shroom.AWGN.4.png,shroom.png,0.645,0.355
shroom.AWGN.5.png,shroom.png,0.537,0.463
shroom.BLUR.1.png,shroom.png,0.954,0.046
shroom.BLUR.2.png,shroom.png,0.839,0.161
shroom.BLUR.3.png,shroom.png,0.605,0.395
shroom.BLUR.4.png,shroom.png,0.451,0.549
shroom.BLUR.5.png,shroom.png,0.231,0.769
shroom.contrast.1.png,shroom.png,0.919,0.081
shroom.contrast.2.png,shroom.png,0.816,0.184
shroom.contrast.3.png,shroom.png,0.667,0.333
shroom.contrast.4.png,shroom.png,0.59,0.41
shroom.fnoise.1.png,shroom.png,0.978,0.022
shroom.fnoise.2.png,shroom.png,0.82,0.18
shroom.fnoise.3.png,shroom.png,0.644,0.356
shroom.fnoise.4.png,shroom.png,0.425,0.575
shroom.fnoise.5.png,shroom.png,0.298,0.702
shroom.JPEG.1.png,shroom.png,0.996,0.004
shroom.JPEG.2.png,shroom.png,0.92,0.08
shroom.JPEG.3.png,shroom.png,0.609,0.391
shroom.JPEG.4.png,shroom.png,0.395,0.605
shroom.JPEG.5.png,shroom.png,0.163,0.837
shroom.jpeg2000.1.png,shroom.png,0.98,0.02
shroom.jpeg2000.2.png,shroom.png,0.875,0.125
shroom.jpeg2000.3.png,shroom.png,0.693,0.307
shroom.jpeg2000.4.png,shroom.png,0.337,0.663
shroom.jpeg2000.5.png,shroom.png,0.22,0.78
snow_leaves.AWGN.1.png,snow_leaves.png,0.981,0.019
snow_leaves.AWGN.2.png,snow_leaves.png,0.937,0.063
snow_leaves.AWGN.3.png,snow_leaves.png,0.788,0.212
snow_leaves.AWGN.4.png,snow_leaves.png,0.707,0.293
snow_leaves.AWGN.5.png,snow_leaves.png,0.566,0.434
snow_leaves.BLUR.1.png,snow_leaves.png,0.98,0.02
snow_leaves.BLUR.2.png,snow_leaves.png,0.86,0.14
snow_leaves.BLUR.3.png,snow_leaves.png,0.7,0.3
snow_leaves.BLUR.4.png,snow_leaves.png,0.54,0.46
snow_leaves.BLUR.5.png,snow_leaves.png,0.304,0.696
snow_leaves.contrast.1.png,snow_leaves.png,0.959,0.041
snow_leaves.contrast.2.png,snow_leaves.png,0.779,0.221
snow_leaves.contrast.3.png,snow_leaves.png,0.68,0.32
snow_leaves.contrast.4.png,snow_leaves.png,0.621,0.379
snow_leaves.fnoise.1.png,snow_leaves.png,0.952,0.048
snow_leaves.fnoise.2.png,snow_leaves.png,0.775,0.225
snow_leaves.fnoise.3.png,snow_leaves.png,0.589,0.411
snow_leaves.fnoise.4.png,snow_leaves.png,0.464,0.536
snow_leaves.fnoise.5.png,snow_leaves.png,0.321,0.679
snow_leaves.JPEG.1.png,snow_leaves.png,0.996,0.004
snow_leaves.JPEG.2.png,snow_leaves.png,0.922,0.078
snow_leaves.JPEG.3.png,snow_leaves.png,0.813,0.187
snow_leaves.JPEG.4.png,snow_leaves.png,0.445,0.555
snow_leaves.JPEG.5.png,snow_leaves.png,0.243,0.757
snow_leaves.jpeg2000.1.png,snow_leaves.png,0.978,0.022
snow_leaves.jpeg2000.2.png,snow_leaves.png,0.94,0.06
snow_leaves.jpeg2000.3.png,snow_leaves.png,0.739,0.261
snow_leaves.jpeg2000.4.png,snow_leaves.png,0.445,0.555
snow_leaves.jpeg2000.5.png,snow_leaves.png,0.289,0.711
sunsetcolor.AWGN.1.png,sunsetcolor.png,0.958,0.042
sunsetcolor.AWGN.2.png,sunsetcolor.png,0.821,0.179
sunsetcolor.AWGN.3.png,sunsetcolor.png,0.674,0.326
sunsetcolor.AWGN.4.png,sunsetcolor.png,0.542,0.458
sunsetcolor.AWGN.5.png,sunsetcolor.png,0.451,0.549
sunsetcolor.BLUR.1.png,sunsetcolor.png,0.913,0.087
sunsetcolor.BLUR.2.png,sunsetcolor.png,0.809,0.191
sunsetcolor.BLUR.3.png,sunsetcolor.png,0.693,0.307
sunsetcolor.BLUR.4.png,sunsetcolor.png,0.452,0.548
sunsetcolor.BLUR.5.png,sunsetcolor.png,0.154,0.846
sunsetcolor.contrast.1.png,sunsetcolor.png,0.906,0.094
sunsetcolor.contrast.2.png,sunsetcolor.png,0.74,0.26
sunsetcolor.contrast.3.png,sunsetcolor.png,0.598,0.402
sunsetcolor.contrast.4.png,sunsetcolor.png,0.535,0.465
sunsetcolor.fnoise.1.png,sunsetcolor.png,0.776,0.224
sunsetcolor.fnoise.2.png,sunsetcolor.png,0.631,0.369
sunsetcolor.fnoise.3.png,sunsetcolor.png,0.461,0.539
sunsetcolor.fnoise.4.png,sunsetcolor.png,0.393,0.607
sunsetcolor.fnoise.5.png,sunsetcolor.png,0.266,0.734
sunsetcolor.JPEG.1.png,sunsetcolor.png,0.942,0.058
sunsetcolor.JPEG.2.png,sunsetcolor.png,0.821,0.179
sunsetcolor.JPEG.3.png,sunsetcolor.png,0.609,0.391
sunsetcolor.JPEG.4.png,sunsetcolor.png,0.394,0.606
sunsetcolor.JPEG.5.png,sunsetcolor.png,0.111,0.889
sunsetcolor.jpeg2000.1.png,sunsetcolor.png,0.957,0.043
sunsetcolor.jpeg2000.2.png,sunsetcolor.png,0.883,0.117
sunsetcolor.jpeg2000.3.png,sunsetcolor.png,0.658,0.342
sunsetcolor.jpeg2000.4.png,sunsetcolor.png,0.278,0.722
sunsetcolor.jpeg2000.5.png,sunsetcolor.png,0.174,0.826
sunset_sparrow.AWGN.1.png,sunset_sparrow.png,0.961,0.039
sunset_sparrow.AWGN.2.png,sunset_sparrow.png,0.794,0.206
sunset_sparrow.AWGN.3.png,sunset_sparrow.png,0.698,0.302
sunset_sparrow.AWGN.4.png,sunset_sparrow.png,0.591,0.409
sunset_sparrow.AWGN.5.png,sunset_sparrow.png,0.485,0.515
sunset_sparrow.BLUR.1.png,sunset_sparrow.png,0.927,0.073
sunset_sparrow.BLUR.2.png,sunset_sparrow.png,0.691,0.309
sunset_sparrow.BLUR.3.png,sunset_sparrow.png,0.274,0.726
sunset_sparrow.BLUR.4.png,sunset_sparrow.png,0.037,0.963
sunset_sparrow.BLUR.5.png,sunset_sparrow.png,0.001,0.999
sunset_sparrow.contrast.1.png,sunset_sparrow.png,0.948,0.052
sunset_sparrow.contrast.2.png,sunset_sparrow.png,0.869,0.131
sunset_sparrow.contrast.3.png,sunset_sparrow.png,0.727,0.273
sunset_sparrow.contrast.4.png,sunset_sparrow.png,0.587,0.413
sunset_sparrow.fnoise.1.png,sunset_sparrow.png,0.881,0.119
sunset_sparrow.fnoise.2.png,sunset_sparrow.png,0.661,0.339
sunset_sparrow.fnoise.3.png,sunset_sparrow.png,0.469,0.531
sunset_sparrow.fnoise.4.png,sunset_sparrow.png,0.383,0.617
sunset_sparrow.fnoise.5.png,sunset_sparrow.png,0.279,0.721
sunset_sparrow.JPEG.1.png,sunset_sparrow.png,0.976,0.024
sunset_sparrow.JPEG.2.png,sunset_sparrow.png,0.699,0.301
sunset_sparrow.JPEG.3.png,sunset_sparrow.png,0.345,0.655
sunset_sparrow.JPEG.4.png,sunset_sparrow.png,0.149,0.851
sunset_sparrow.JPEG.5.png,sunset_sparrow.png,0,1
sunset_sparrow.jpeg2000.1.png,sunset_sparrow.png,0.969,0.031
sunset_sparrow.jpeg2000.2.png,sunset_sparrow.png,0.564,0.436
sunset_sparrow.jpeg2000.3.png,sunset_sparrow.png,0.307,0.693
sunset_sparrow.jpeg2000.4.png,sunset_sparrow.png,0.115,0.885
sunset_sparrow.jpeg2000.5.png,sunset_sparrow.png,0.082,0.918
swarm.AWGN.1.png,swarm.png,0.965,0.035
swarm.AWGN.2.png,swarm.png,0.834,0.166
swarm.AWGN.3.png,swarm.png,0.678,0.322
swarm.AWGN.4.png,swarm.png,0.581,0.419
swarm.AWGN.5.png,swarm.png,0.423,0.577
swarm.BLUR.1.png,swarm.png,0.925,0.075
swarm.BLUR.2.png,swarm.png,0.707,0.293
swarm.BLUR.3.png,swarm.png,0.441,0.559
swarm.BLUR.4.png,swarm.png,0.182,0.818
swarm.BLUR.5.png,swarm.png,0.037,0.963
swarm.contrast.1.png,swarm.png,0.909,0.091
swarm.contrast.2.png,swarm.png,0.685,0.315
swarm.contrast.3.png,swarm.png,0.375,0.625
swarm.fnoise.1.png,swarm.png,0.928,0.072
swarm.fnoise.2.png,swarm.png,0.634,0.366
swarm.fnoise.3.png,swarm.png,0.414,0.586
swarm.fnoise.4.png,swarm.png,0.303,0.697
swarm.fnoise.5.png,swarm.png,0.184,0.816
swarm.JPEG.1.png,swarm.png,0.967,0.033
swarm.JPEG.2.png,swarm.png,0.687,0.313
swarm.JPEG.3.png,swarm.png,0.428,0.572
swarm.JPEG.4.png,swarm.png,0.163,0.837
swarm.JPEG.5.png,swarm.png,0.033,0.967
swarm.jpeg2000.1.png,swarm.png,0.953,0.047
swarm.jpeg2000.2.png,swarm.png,0.631,0.369
swarm.jpeg2000.3.png,swarm.png,0.286,0.714
swarm.jpeg2000.4.png,swarm.png,0.224,0.776
swarm.jpeg2000.5.png,swarm.png,0.109,0.891
trolley.AWGN.1.png,trolley.png,0.971,0.029
trolley.AWGN.2.png,trolley.png,0.91,0.09
trolley.AWGN.3.png,trolley.png,0.78,0.22
trolley.AWGN.4.png,trolley.png,0.658,0.342
trolley.AWGN.5.png,trolley.png,0.55,0.45
trolley.BLUR.1.png,trolley.png,0.964,0.036
trolley.BLUR.2.png,trolley.png,0.885,0.115
trolley.BLUR.3.png,trolley.png,0.77,0.23
trolley.BLUR.4.png,trolley.png,0.593,0.407
trolley.BLUR.5.png,trolley.png,0.394,0.606
trolley.contrast.1.png,trolley.png,0.944,0.056
trolley.contrast.2.png,trolley.png,0.785,0.215
trolley.contrast.3.png,trolley.png,0.567,0.433
trolley.contrast.4.png,trolley.png,0.503,0.497
trolley.fnoise.1.png,trolley.png,0.933,0.067
trolley.fnoise.2.png,trolley.png,0.706,0.294
trolley.fnoise.3.png,trolley.png,0.568,0.432
trolley.fnoise.4.png,trolley.png,0.414,0.586
trolley.fnoise.5.png,trolley.png,0.299,0.701
trolley.JPEG.1.png,trolley.png,0.964,0.036
trolley.JPEG.2.png,trolley.png,0.836,0.164
trolley.JPEG.3.png,trolley.png,0.65,0.35
trolley.JPEG.4.png,trolley.png,0.467,0.533
trolley.JPEG.5.png,trolley.png,0.236,0.764
trolley.jpeg2000.1.png,trolley.png,0.974,0.026
trolley.jpeg2000.2.png,trolley.png,0.943,0.057
trolley.jpeg2000.3.png,trolley.png,0.832,0.168
trolley.jpeg2000.4.png,trolley.png,0.422,0.578
trolley.jpeg2000.5.png,trolley.png,0.273,0.727
turtle.AWGN.1.png,turtle.png,0.98,0.02
turtle.AWGN.2.png,turtle.png,0.881,0.119
turtle.AWGN.3.png,turtle.png,0.801,0.199
turtle.AWGN.4.png,turtle.png,0.671,0.329
turtle.AWGN.5.png,turtle.png,0.564,0.436
turtle.BLUR.1.png,turtle.png,0.94,0.06
turtle.BLUR.2.png,turtle.png,0.765,0.235
turtle.BLUR.3.png,turtle.png,0.482,0.518
turtle.BLUR.4.png,turtle.png,0.253,0.747
turtle.BLUR.5.png,turtle.png,0.067,0.933
turtle.contrast.1.png,turtle.png,0.921,0.079
turtle.contrast.2.png,turtle.png,0.801,0.199
turtle.contrast.3.png,turtle.png,0.593,0.407
turtle.contrast.4.png,turtle.png,0.446,0.554
turtle.fnoise.1.png,turtle.png,0.961,0.039
turtle.fnoise.2.png,turtle.png,0.827,0.173
turtle.fnoise.3.png,turtle.png,0.655,0.345
turtle.fnoise.4.png,turtle.png,0.462,0.538
turtle.fnoise.5.png,turtle.png,0.347,0.653
turtle.JPEG.1.png,turtle.png,0.998,0.002
turtle.JPEG.2.png,turtle.png,0.838,0.162
turtle.JPEG.3.png,turtle.png,0.468,0.532
turtle.JPEG.4.png,turtle.png,0.198,0.802
turtle.JPEG.5.png,turtle.png,0.016,0.984
turtle.jpeg2000.1.png,turtle.png,0.985,0.015
turtle.jpeg2000.2.png,turtle.png,0.871,0.129
turtle.jpeg2000.3.png,turtle.png,0.512,0.488
turtle.jpeg2000.4.png,turtle.png,0.31,0.69
turtle.jpeg2000.5.png,turtle.png,0.225,0.775
veggies.AWGN.1.png,veggies.png,0.982,0.018
veggies.AWGN.2.png,veggies.png,0.902,0.098
veggies.AWGN.3.png,veggies.png,0.786,0.214
veggies.AWGN.4.png,veggies.png,0.653,0.347
veggies.AWGN.5.png,veggies.png,0.528,0.472
veggies.BLUR.1.png,veggies.png,0.944,0.056
veggies.BLUR.2.png,veggies.png,0.794,0.206
veggies.BLUR.3.png,veggies.png,0.651,0.349
veggies.BLUR.4.png,veggies.png,0.479,0.521
veggies.BLUR.5.png,veggies.png,0.281,0.719
veggies.contrast.1.png,veggies.png,0.944,0.056
veggies.contrast.2.png,veggies.png,0.797,0.203
veggies.contrast.3.png,veggies.png,0.668,0.332
veggies.contrast.4.png,veggies.png,0.615,0.385
veggies.fnoise.1.png,veggies.png,0.935,0.065
veggies.fnoise.2.png,veggies.png,0.797,0.203
veggies.fnoise.3.png,veggies.png,0.629,0.371
veggies.fnoise.4.png,veggies.png,0.4,0.6
veggies.fnoise.5.png,veggies.png,0.317,0.683
veggies.JPEG.1.png,veggies.png,0.955,0.045
veggies.JPEG.2.png,veggies.png,0.886,0.114
veggies.JPEG.3.png,veggies.png,0.683,0.317
veggies.JPEG.4.png,veggies.png,0.452,0.548
veggies.JPEG.5.png,veggies.png,0.228,0.772
veggies.jpeg2000.1.png,veggies.png,0.962,0.038
veggies.jpeg2000.2.png,veggies.png,0.892,0.108
veggies.jpeg2000.3.png,veggies.png,0.771,0.229
veggies.jpeg2000.4.png,veggies.png,0.41,0.59
veggies.jpeg2000.5.png,veggies.png,0.27,0.73
woman.AWGN.1.png,woman.png,0.948,0.052
woman.AWGN.2.png,woman.png,0.803,0.197
woman.AWGN.3.png,woman.png,0.711,0.289
woman.AWGN.4.png,woman.png,0.591,0.409
woman.AWGN.5.png,woman.png,0.51,0.49
woman.BLUR.1.png,woman.png,0.914,0.086
woman.BLUR.2.png,woman.png,0.802,0.198
woman.BLUR.3.png,woman.png,0.58,0.42
woman.BLUR.4.png,woman.png,0.384,0.616
woman.BLUR.5.png,woman.png,0.166,0.834
woman.contrast.1.png,woman.png,0.914,0.086
woman.contrast.2.png,woman.png,0.802,0.198
woman.contrast.3.png,woman.png,0.58,0.42
woman.contrast.4.png,woman.png,0.384,0.616
woman.fnoise.1.png,woman.png,0.901,0.099
woman.fnoise.2.png,woman.png,0.738,0.262
woman.fnoise.3.png,woman.png,0.51,0.49
woman.fnoise.4.png,woman.png,0.362,0.638
woman.fnoise.5.png,woman.png,0.258,0.742
woman.JPEG.1.png,woman.png,0.958,0.042
woman.JPEG.2.png,woman.png,0.878,0.122
woman.JPEG.3.png,woman.png,0.597,0.403
woman.JPEG.4.png,woman.png,0.359,0.641
woman.JPEG.5.png,woman.png,0.103,0.897
woman.jpeg2000.1.png,woman.png,0.969,0.031
woman.jpeg2000.2.png,woman.png,0.881,0.119
woman.jpeg2000.3.png,woman.png,0.652,0.348
woman.jpeg2000.4.png,woman.png,0.379,0.621
woman.jpeg2000.5.png,woman.png,0.217,0.783
