dis_image,ref_img,mos
I01_01_1.bmp,I01.BMP,0.75616
i01_01_2.bmp,I01.BMP,0.76381
i01_01_3.bmp,I01.BMP,0.67443
i01_01_4.bmp,I01.BMP,0.59324
i01_01_5.bmp,I01.BMP,0.51958
i01_02_1.bmp,I01.BMP,0.82993
i01_02_2.bmp,I01.BMP,0.84134
i01_02_3.bmp,I01.BMP,0.73818
i01_02_4.bmp,I01.BMP,0.64142
i01_02_5.bmp,I01.BMP,0.59076
i01_03_1.bmp,I01.BMP,0.64961
i01_03_2.bmp,I01.BMP,0.57773
i01_03_3.bmp,I01.BMP,0.49632
i01_03_4.bmp,I01.BMP,0.42342
i01_03_5.bmp,I01.BMP,0.35455
i01_04_1.bmp,I01.BMP,0.82173
i01_04_2.bmp,I01.BMP,0.79094
i01_04_3.bmp,I01.BMP,0.72116
i01_04_4.bmp,I01.BMP,0.71729
i01_04_5.bmp,I01.BMP,0.64142
i01_05_1.bmp,I01.BMP,0.8142
i01_05_2.bmp,I01.BMP,0.78319
i01_05_3.bmp,I01.BMP,0.69435
i01_05_4.bmp,I01.BMP,0.55888
i01_05_5.bmp,I01.BMP,0.41545
i01_06_1.bmp,I01.BMP,0.53896
i01_06_2.bmp,I01.BMP,0.52346
i01_06_3.bmp,I01.BMP,0.5002
i01_06_4.bmp,I01.BMP,0.4652
i01_06_5.bmp,I01.BMP,0.38756
i01_07_1.bmp,I01.BMP,0.69435
i01_07_2.bmp,I01.BMP,0.64654
i01_07_3.bmp,I01.BMP,0.53896
i01_07_4.bmp,I01.BMP,0.4274
i01_07_5.bmp,I01.BMP,0.27999
i01_08_1.bmp,I01.BMP,0.70953
i01_08_2.bmp,I01.BMP,0.6067
i01_08_3.bmp,I01.BMP,0.46531
i01_08_4.bmp,I01.BMP,0.39553
i01_08_5.bmp,I01.BMP,0.26803
i01_09_1.bmp,I01.BMP,0.83778
i01_09_2.bmp,I01.BMP,0.7063
i01_09_3.bmp,I01.BMP,0.60043
i01_09_4.bmp,I01.BMP,0.36839
i01_09_5.bmp,I01.BMP,0.18619
i01_10_1.bmp,I01.BMP,0.82195
i01_10_2.bmp,I01.BMP,0.81808
i01_10_3.bmp,I01.BMP,0.67044
i01_10_4.bmp,I01.BMP,0.42654
i01_10_5.bmp,I01.BMP,0.26373
I01_11_1.BMP,I01.BMP,0.81354
i01_11_2.bmp,I01.BMP,0.77931
i01_11_3.bmp,I01.BMP,0.63857
i01_11_4.bmp,I01.BMP,0.49244
i01_11_5.bmp,I01.BMP,0.17456
i01_12_1.bmp,I01.BMP,0.81808
i01_12_2.bmp,I01.BMP,0.80645
i01_12_3.bmp,I01.BMP,0.56998
i01_12_4.bmp,I01.BMP,0.51506
i01_12_5.bmp,I01.BMP,0.45755
I01_13_1.BMP,I01.BMP,0.7483
i01_13_2.bmp,I01.BMP,0.52667
i01_13_3.bmp,I01.BMP,0.43537
i01_13_4.bmp,I01.BMP,0.41944
i01_13_5.bmp,I01.BMP,0.41104
i01_14_1.bmp,I01.BMP,0.782
i01_14_2.bmp,I01.BMP,0.83358
i01_14_3.bmp,I01.BMP,0.79094
i01_14_4.bmp,I01.BMP,0.76208
i01_14_5.bmp,I01.BMP,0.60646
i01_15_1.bmp,I01.BMP,0.37162
i01_15_2.bmp,I01.BMP,0.37094
i01_15_3.bmp,I01.BMP,0.41104
i01_15_4.bmp,I01.BMP,0.4792
i01_15_5.bmp,I01.BMP,0.52346
i01_16_1.bmp,I01.BMP,0.79794
i01_16_2.bmp,I01.BMP,0.83358
i01_16_3.bmp,I01.BMP,0.66646
i01_16_4.bmp,I01.BMP,0.68638
i01_16_5.bmp,I01.BMP,0.56685
i01_17_1.bmp,I01.BMP,0.73279
i01_17_2.bmp,I01.BMP,0.91499
i01_17_3.bmp,I01.BMP,0.55059
i01_17_4.bmp,I01.BMP,0.86072
i01_17_5.bmp,I01.BMP,0.39143
i01_18_1.bmp,I01.BMP,0.62812
i01_18_2.bmp,I01.BMP,0.57084
i01_18_3.bmp,I01.BMP,0.50618
i01_18_4.bmp,I01.BMP,0.46326
i01_18_5.bmp,I01.BMP,0.45529
i01_19_1.bmp,I01.BMP,0.81786
i01_19_2.bmp,I01.BMP,0.75013
i01_19_3.bmp,I01.BMP,0.69403
i01_19_4.bmp,I01.BMP,0.61466
i01_19_5.bmp,I01.BMP,0.53099
i01_20_1.bmp,I01.BMP,0.80534
i01_20_2.bmp,I01.BMP,0.80192
i01_20_3.bmp,I01.BMP,0.82981
i01_20_4.bmp,I01.BMP,0.69435
i01_20_5.bmp,I01.BMP,0.58677
i01_21_1.bmp,I01.BMP,0.78319
i01_21_2.bmp,I01.BMP,0.72224
i01_21_3.bmp,I01.BMP,0.63588
i01_21_4.bmp,I01.BMP,0.54716
i01_21_5.bmp,I01.BMP,0.40328
i01_22_1.bmp,I01.BMP,0.76208
i01_22_2.bmp,I01.BMP,0.70953
i01_22_3.bmp,I01.BMP,0.58279
i01_22_4.bmp,I01.BMP,0.41879
i01_22_5.bmp,I01.BMP,0.27999
i01_23_1.bmp,I01.BMP,0.86681
i01_23_2.bmp,I01.BMP,0.77005
i01_23_3.bmp,I01.BMP,0.79396
i01_23_4.bmp,I01.BMP,0.65451
i01_23_5.bmp,I01.BMP,0.31025
i01_24_1.bmp,I01.BMP,0.78319
i01_24_2.bmp,I01.BMP,0.76607
i01_24_3.bmp,I01.BMP,0.6979
i01_24_4.bmp,I01.BMP,0.40716
i01_24_5.bmp,I01.BMP,0.03113
I02_01_1.bmp,I02.BMP,0.78895
i02_01_2.bmp,I02.BMP,0.73157
i02_01_3.bmp,I02.BMP,0.71427
i02_01_4.bmp,I02.BMP,0.56685
i02_01_5.bmp,I02.BMP,0.53509
i02_02_1.bmp,I02.BMP,0.8338
i02_02_2.bmp,I02.BMP,0.83358
i02_02_3.bmp,I02.BMP,0.80989
i02_02_4.bmp,I02.BMP,0.72504
i02_02_5.bmp,I02.BMP,0.59474
i02_03_1.bmp,I02.BMP,0.65371
i02_03_2.bmp,I02.BMP,0.60099
i02_03_3.bmp,I02.BMP,0.5157
i02_03_4.bmp,I02.BMP,0.47123
i02_03_5.bmp,I02.BMP,0.3839
i02_04_1.bmp,I02.BMP,0.86681
i02_04_2.bmp,I02.BMP,0.84909
i02_04_3.bmp,I02.BMP,0.71029
i02_04_4.bmp,I02.BMP,0.64551
i02_04_5.bmp,I02.BMP,0.57994
i02_05_1.bmp,I02.BMP,0.84271
i02_05_2.bmp,I02.BMP,0.84177
i02_05_3.bmp,I02.BMP,0.74442
i02_05_4.bmp,I02.BMP,0.59324
i02_05_5.bmp,I02.BMP,0.45529
i02_06_1.bmp,I02.BMP,0.61865
i02_06_2.bmp,I02.BMP,0.57881
i02_06_3.bmp,I02.BMP,0.5002
i02_06_4.bmp,I02.BMP,0.4652
i02_06_5.bmp,I02.BMP,0.41104
i02_07_1.bmp,I02.BMP,0.81354
i02_07_2.bmp,I02.BMP,0.76607
i02_07_3.bmp,I02.BMP,0.50521
i02_07_4.bmp,I02.BMP,0.50407
i02_07_5.bmp,I02.BMP,0.37504
i02_08_1.bmp,I02.BMP,0.84134
i02_08_2.bmp,I02.BMP,0.7063
i02_08_3.bmp,I02.BMP,0.61683
i02_08_4.bmp,I02.BMP,0.5157
i02_08_5.bmp,I02.BMP,0.39941
i02_09_1.bmp,I02.BMP,0.82583
i02_09_2.bmp,I02.BMP,0.75616
i02_09_3.bmp,I02.BMP,0.61466
i02_09_4.bmp,I02.BMP,0.48857
i02_09_5.bmp,I02.BMP,0.31186
i02_10_1.bmp,I02.BMP,0.82583
i02_10_2.bmp,I02.BMP,0.82185
i02_10_3.bmp,I02.BMP,0.74442
i02_10_4.bmp,I02.BMP,0.46725
i02_10_5.bmp,I02.BMP,0.35455
I02_11_1.BMP,I02.BMP,0.81388
i02_11_2.bmp,I02.BMP,0.65451
i02_11_3.bmp,I02.BMP,0.39165
i02_11_4.bmp,I02.BMP,0.24047
i02_11_5.bmp,I02.BMP,0.14851
i02_12_1.bmp,I02.BMP,0.72622
i02_12_2.bmp,I02.BMP,0.60099
i02_12_3.bmp,I02.BMP,0.40716
i02_12_4.bmp,I02.BMP,0.34901
i02_12_5.bmp,I02.BMP,0.30537
I02_13_1.BMP,I02.BMP,0.6067
i02_13_2.bmp,I02.BMP,0.53896
i02_13_3.bmp,I02.BMP,0.45131
i02_13_4.bmp,I02.BMP,0.38002
i02_13_5.bmp,I02.BMP,0.48318
i02_14_1.bmp,I02.BMP,0.78997
i02_14_2.bmp,I02.BMP,0.83746
i02_14_3.bmp,I02.BMP,0.69879
i02_14_4.bmp,I02.BMP,0.72748
i02_14_5.bmp,I02.BMP,0.56998
i02_15_1.bmp,I02.BMP,0.4529
i02_15_2.bmp,I02.BMP,0.48469
i02_15_3.bmp,I02.BMP,0.51506
i02_15_4.bmp,I02.BMP,0.5157
i02_15_5.bmp,I02.BMP,0.56765
i02_16_1.bmp,I02.BMP,0.81808
i02_16_2.bmp,I02.BMP,0.83778
i02_16_3.bmp,I02.BMP,0.72891
i02_16_4.bmp,I02.BMP,0.70232
i02_16_5.bmp,I02.BMP,0.62037
i02_17_1.bmp,I02.BMP,0.81388
i02_17_2.bmp,I02.BMP,0.78075
i02_17_3.bmp,I02.BMP,0.65914
i02_17_4.bmp,I02.BMP,0.64961
i02_17_5.bmp,I02.BMP,0.52701
i02_18_1.bmp,I02.BMP,0.82185
i02_18_2.bmp,I02.BMP,0.76768
i02_18_3.bmp,I02.BMP,0.65781
i02_18_4.bmp,I02.BMP,0.67077
i02_18_5.bmp,I02.BMP,0.61683
i02_19_1.bmp,I02.BMP,0.79396
i02_19_2.bmp,I02.BMP,0.74442
i02_19_3.bmp,I02.BMP,0.65849
i02_19_4.bmp,I02.BMP,0.57084
i02_19_5.bmp,I02.BMP,0.50407
i02_20_1.bmp,I02.BMP,0.83358
i02_20_2.bmp,I02.BMP,0.85042
i02_20_3.bmp,I02.BMP,0.72622
i02_20_4.bmp,I02.BMP,0.53896
i02_20_5.bmp,I02.BMP,0.36764
i02_21_1.bmp,I02.BMP,0.82195
i02_21_2.bmp,I02.BMP,0.72504
i02_21_3.bmp,I02.BMP,0.62502
i02_21_4.bmp,I02.BMP,0.43537
i02_21_5.bmp,I02.BMP,0.30389
i02_22_1.bmp,I02.BMP,0.75605
i02_22_2.bmp,I02.BMP,0.71729
i02_22_3.bmp,I02.BMP,0.60863
i02_22_4.bmp,I02.BMP,0.51107
i02_22_5.bmp,I02.BMP,0.28397
i02_23_1.bmp,I02.BMP,0.93739
i02_23_2.bmp,I02.BMP,0.75993
i02_23_3.bmp,I02.BMP,0.45928
i02_23_4.bmp,I02.BMP,0.27536
i02_23_5.bmp,I02.BMP,0.08153
i02_24_1.bmp,I02.BMP,0.83746
i02_24_2.bmp,I02.BMP,0.67044
i02_24_3.bmp,I02.BMP,0.39553
i02_24_4.bmp,I02.BMP,0.26803
i02_24_5.bmp,I02.BMP,0.09316
I03_01_1.bmp,I03.BMP,0.79273
i03_01_2.bmp,I03.BMP,0.69749
i03_01_3.bmp,I03.BMP,0.6371
i03_01_4.bmp,I03.BMP,0.57482
i03_01_5.bmp,I03.BMP,0.52821
i03_02_1.bmp,I03.BMP,0.85225
i03_02_2.bmp,I03.BMP,0.86629
i03_02_3.bmp,I03.BMP,0.71825
i03_02_4.bmp,I03.BMP,0.6824
i03_02_5.bmp,I03.BMP,0.62502
i03_03_1.bmp,I03.BMP,0.63219
i03_03_2.bmp,I03.BMP,0.55
i03_03_3.bmp,I03.BMP,0.51745
i03_03_4.bmp,I03.BMP,0.43598
i03_03_5.bmp,I03.BMP,0.38043
i03_04_1.bmp,I03.BMP,0.881
i03_04_2.bmp,I03.BMP,0.77676
i03_04_3.bmp,I03.BMP,0.71467
i03_04_4.bmp,I03.BMP,0.62502
i03_04_5.bmp,I03.BMP,0.478
i03_05_1.bmp,I03.BMP,0.89755
i03_05_2.bmp,I03.BMP,0.77299
i03_05_3.bmp,I03.BMP,0.72543
i03_05_4.bmp,I03.BMP,0.5831
i03_05_5.bmp,I03.BMP,0.46347
i03_06_1.bmp,I03.BMP,0.65597
i03_06_2.bmp,I03.BMP,0.6162
i03_06_3.bmp,I03.BMP,0.55331
i03_06_4.bmp,I03.BMP,0.5031
i03_06_5.bmp,I03.BMP,0.46725
i03_07_1.bmp,I03.BMP,0.67872
i03_07_2.bmp,I03.BMP,0.55331
i03_07_3.bmp,I03.BMP,0.5169
i03_07_4.bmp,I03.BMP,0.51386
i03_07_5.bmp,I03.BMP,0.4838
i03_08_1.bmp,I03.BMP,0.8749
i03_08_2.bmp,I03.BMP,0.76846
i03_08_3.bmp,I03.BMP,0.6069
i03_08_4.bmp,I03.BMP,0.5031
i03_08_5.bmp,I03.BMP,0.38836
i03_09_1.bmp,I03.BMP,0.91906
i03_09_2.bmp,I03.BMP,0.86261
i03_09_3.bmp,I03.BMP,0.75053
i03_09_4.bmp,I03.BMP,0.50219
i03_09_5.bmp,I03.BMP,0.32004
i03_10_1.bmp,I03.BMP,0.8598
i03_10_2.bmp,I03.BMP,0.77802
i03_10_3.bmp,I03.BMP,0.68975
i03_10_4.bmp,I03.BMP,0.43856
i03_10_5.bmp,I03.BMP,0.32197
I03_11_1.BMP,I03.BMP,0.73524
i03_11_2.bmp,I03.BMP,0.55
i03_11_3.bmp,I03.BMP,0.37346
i03_11_4.bmp,I03.BMP,0.22635
i03_11_5.bmp,I03.BMP,0.06563
i03_12_1.bmp,I03.BMP,0.74124
i03_12_2.bmp,I03.BMP,0.55029
i03_12_3.bmp,I03.BMP,0.37288
i03_12_4.bmp,I03.BMP,0.40987
i03_12_5.bmp,I03.BMP,0.30947
I03_13_1.BMP,I03.BMP,0.70079
i03_13_2.bmp,I03.BMP,0.48747
i03_13_3.bmp,I03.BMP,0.52821
i03_13_4.bmp,I03.BMP,0.38477
i03_13_5.bmp,I03.BMP,0.31249
i03_14_1.bmp,I03.BMP,0.69343
i03_14_2.bmp,I03.BMP,0.82583
i03_14_3.bmp,I03.BMP,0.66088
i03_14_4.bmp,I03.BMP,0.60516
i03_14_5.bmp,I03.BMP,0.46725
i03_15_1.bmp,I03.BMP,0.49952
i03_15_2.bmp,I03.BMP,0.54613
i03_15_3.bmp,I03.BMP,0.54255
i03_15_4.bmp,I03.BMP,0.57942
i03_15_5.bmp,I03.BMP,0.65297
i03_16_1.bmp,I03.BMP,0.94352
i03_16_2.bmp,I03.BMP,0.90113
i03_16_3.bmp,I03.BMP,0.82224
i03_16_4.bmp,I03.BMP,0.83659
i03_16_5.bmp,I03.BMP,0.68607
i03_17_1.bmp,I03.BMP,0.86629
i03_17_2.bmp,I03.BMP,0.93341
i03_17_3.bmp,I03.BMP,0.71108
i03_17_4.bmp,I03.BMP,0.9083
i03_17_5.bmp,I03.BMP,0.50954
i03_18_1.bmp,I03.BMP,0.79273
i03_18_2.bmp,I03.BMP,0.78537
i03_18_3.bmp,I03.BMP,0.76331
i03_18_4.bmp,I03.BMP,0.6824
i03_18_5.bmp,I03.BMP,0.63333
i03_19_1.bmp,I03.BMP,0.75595
i03_19_2.bmp,I03.BMP,0.68607
i03_19_3.bmp,I03.BMP,0.63937
i03_19_4.bmp,I03.BMP,0.5831
i03_19_5.bmp,I03.BMP,0.49483
i03_20_1.bmp,I03.BMP,0.80318
i03_20_2.bmp,I03.BMP,0.7486
i03_20_3.bmp,I03.BMP,0.56161
i03_20_4.bmp,I03.BMP,0.42127
i03_20_5.bmp,I03.BMP,0.37043
i03_21_1.bmp,I03.BMP,0.71637
i03_21_2.bmp,I03.BMP,0.60149
i03_21_3.bmp,I03.BMP,0.52425
i03_21_4.bmp,I03.BMP,0.42127
i03_21_5.bmp,I03.BMP,0.26644
i03_22_1.bmp,I03.BMP,0.82215
i03_22_2.bmp,I03.BMP,0.73388
i03_22_3.bmp,I03.BMP,0.7155
i03_22_4.bmp,I03.BMP,0.59045
i03_22_5.bmp,I03.BMP,0.52764
i03_23_1.bmp,I03.BMP,0.92881
i03_23_2.bmp,I03.BMP,0.80376
i03_23_3.bmp,I03.BMP,0.52462
i03_23_4.bmp,I03.BMP,0.34646
i03_23_5.bmp,I03.BMP,0.24851
i03_24_1.bmp,I03.BMP,0.78905
i03_24_2.bmp,I03.BMP,0.56839
i03_24_3.bmp,I03.BMP,0.37043
i03_24_4.bmp,I03.BMP,0.22567
i03_24_5.bmp,I03.BMP,0.02562
I04_01_1.bmp,I04.BMP,0.79168
i04_01_2.bmp,I04.BMP,0.7507
i04_01_3.bmp,I04.BMP,0.67215
i04_01_4.bmp,I04.BMP,0.57744
i04_01_5.bmp,I04.BMP,0.53896
i04_02_1.bmp,I04.BMP,0.86527
i04_02_2.bmp,I04.BMP,0.8479
i04_02_3.bmp,I04.BMP,0.78035
i04_02_4.bmp,I04.BMP,0.72679
i04_02_5.bmp,I04.BMP,0.61593
i04_03_1.bmp,I04.BMP,0.65091
i04_03_2.bmp,I04.BMP,0.5697
i04_03_3.bmp,I04.BMP,0.52462
i04_03_4.bmp,I04.BMP,0.45649
i04_03_5.bmp,I04.BMP,0.39894
i04_04_1.bmp,I04.BMP,0.84376
i04_04_2.bmp,I04.BMP,0.86431
i04_04_3.bmp,I04.BMP,0.84735
i04_04_4.bmp,I04.BMP,0.7507
i04_04_5.bmp,I04.BMP,0.65508
i04_05_1.bmp,I04.BMP,0.87023
i04_05_2.bmp,I04.BMP,0.81184
i04_05_3.bmp,I04.BMP,0.72901
i04_05_4.bmp,I04.BMP,0.60726
i04_05_5.bmp,I04.BMP,0.49698
i04_06_1.bmp,I04.BMP,0.68581
i04_06_2.bmp,I04.BMP,0.61943
i04_06_3.bmp,I04.BMP,0.57653
i04_06_4.bmp,I04.BMP,0.56695
i04_06_5.bmp,I04.BMP,0.46007
i04_07_1.bmp,I04.BMP,0.638
i04_07_2.bmp,I04.BMP,0.54972
i04_07_3.bmp,I04.BMP,0.47066
i04_07_4.bmp,I04.BMP,0.41602
i04_07_5.bmp,I04.BMP,0.3887
i04_08_1.bmp,I04.BMP,0.87023
i04_08_2.bmp,I04.BMP,0.81534
i04_08_3.bmp,I04.BMP,0.73704
i04_08_4.bmp,I04.BMP,0.59275
i04_08_5.bmp,I04.BMP,0.49115
i04_09_1.bmp,I04.BMP,0.88047
i04_09_2.bmp,I04.BMP,0.79784
i04_09_3.bmp,I04.BMP,0.68939
i04_09_4.bmp,I04.BMP,0.50748
i04_09_5.bmp,I04.BMP,0.32381
i04_10_1.bmp,I04.BMP,0.83608
i04_10_2.bmp,I04.BMP,0.82233
i04_10_3.bmp,I04.BMP,0.69264
i04_10_4.bmp,I04.BMP,0.43309
i04_10_5.bmp,I04.BMP,0.27942
I04_11_1.BMP,I04.BMP,0.72543
i04_11_2.bmp,I04.BMP,0.53896
i04_11_3.bmp,I04.BMP,0.38154
i04_11_4.bmp,I04.BMP,0.2521
i04_11_5.bmp,I04.BMP,0.09159
i04_12_1.bmp,I04.BMP,0.833
i04_12_2.bmp,I04.BMP,0.63117
i04_12_3.bmp,I04.BMP,0.52872
i04_12_4.bmp,I04.BMP,0.38187
i04_12_5.bmp,I04.BMP,0.34655
I04_13_1.BMP,I04.BMP,0.63459
i04_13_2.bmp,I04.BMP,0.5169
i04_13_3.bmp,I04.BMP,0.44676
i04_13_4.bmp,I04.BMP,0.462
i04_13_5.bmp,I04.BMP,0.30674
i04_14_1.bmp,I04.BMP,0.69264
i04_14_2.bmp,I04.BMP,0.88389
i04_14_3.bmp,I04.BMP,0.82583
i04_14_4.bmp,I04.BMP,0.59702
i04_14_5.bmp,I04.BMP,0.48299
i04_15_1.bmp,I04.BMP,0.45017
i04_15_2.bmp,I04.BMP,0.45359
i04_15_3.bmp,I04.BMP,0.46725
i04_15_4.bmp,I04.BMP,0.50398
i04_15_5.bmp,I04.BMP,0.54632
i04_16_1.bmp,I04.BMP,0.86681
i04_16_2.bmp,I04.BMP,0.91804
i04_16_3.bmp,I04.BMP,0.83949
i04_16_4.bmp,I04.BMP,0.77802
i04_16_5.bmp,I04.BMP,0.70446
i04_17_1.bmp,I04.BMP,0.82583
i04_17_2.bmp,I04.BMP,0.92145
i04_17_3.bmp,I04.BMP,0.65091
i04_17_4.bmp,I04.BMP,1
i04_17_5.bmp,I04.BMP,0.52821
i04_18_1.bmp,I04.BMP,0.74187
i04_18_2.bmp,I04.BMP,0.68589
i04_18_3.bmp,I04.BMP,0.63459
i04_18_4.bmp,I04.BMP,0.57311
i04_18_5.bmp,I04.BMP,0.52847
i04_19_1.bmp,I04.BMP,0.74728
i04_19_2.bmp,I04.BMP,0.73362
i04_19_3.bmp,I04.BMP,0.6684
i04_19_4.bmp,I04.BMP,0.59992
i04_19_5.bmp,I04.BMP,0.56287
i04_20_1.bmp,I04.BMP,0.89072
i04_20_2.bmp,I04.BMP,0.71467
i04_20_3.bmp,I04.BMP,0.56628
i04_20_4.bmp,I04.BMP,0.41261
i04_20_5.bmp,I04.BMP,0.31157
i04_21_1.bmp,I04.BMP,0.70339
i04_21_2.bmp,I04.BMP,0.64391
i04_21_3.bmp,I04.BMP,0.51164
i04_21_4.bmp,I04.BMP,0.42701
i04_21_5.bmp,I04.BMP,0.2521
i04_22_1.bmp,I04.BMP,0.82933
i04_22_2.bmp,I04.BMP,0.79509
i04_22_3.bmp,I04.BMP,0.60043
i04_22_4.bmp,I04.BMP,0.55645
i04_22_5.bmp,I04.BMP,0.38187
i04_23_1.bmp,I04.BMP,0.88679
i04_23_2.bmp,I04.BMP,0.74045
i04_23_3.bmp,I04.BMP,0.52147
i04_23_4.bmp,I04.BMP,0.38853
i04_23_5.bmp,I04.BMP,0.17696
i04_24_1.bmp,I04.BMP,0.76094
i04_24_2.bmp,I04.BMP,0.50481
i04_24_3.bmp,I04.BMP,0.33606
i04_24_4.bmp,I04.BMP,0.23844
i04_24_5.bmp,I04.BMP,0.04919
I05_01_1.bmp,I05.BMP,0.7577
i05_01_2.bmp,I05.BMP,0.75411
i05_01_3.bmp,I05.BMP,0.66033
i05_01_4.bmp,I05.BMP,0.54632
i05_01_5.bmp,I05.BMP,0.47599
i05_02_1.bmp,I05.BMP,0.80134
i05_02_2.bmp,I05.BMP,0.78035
i05_02_3.bmp,I05.BMP,0.72901
i05_02_4.bmp,I05.BMP,0.69639
i05_02_5.bmp,I05.BMP,0.57574
i05_03_1.bmp,I05.BMP,0.69639
i05_03_2.bmp,I05.BMP,0.60893
i05_03_3.bmp,I05.BMP,0.49235
i05_03_4.bmp,I05.BMP,0.40602
i05_03_5.bmp,I05.BMP,0.30588
i05_04_1.bmp,I05.BMP,0.77335
i05_04_2.bmp,I05.BMP,0.78997
i05_04_3.bmp,I05.BMP,0.76487
i05_04_4.bmp,I05.BMP,0.6719
i05_04_5.bmp,I05.BMP,0.59634
i05_05_1.bmp,I05.BMP,0.77204
i05_05_2.bmp,I05.BMP,0.73837
i05_05_3.bmp,I05.BMP,0.63937
i05_05_4.bmp,I05.BMP,0.51254
i05_05_5.bmp,I05.BMP,0.3845
i05_06_1.bmp,I05.BMP,0.59275
i05_06_2.bmp,I05.BMP,0.52793
i05_06_3.bmp,I05.BMP,0.46725
i05_06_4.bmp,I05.BMP,0.44101
i05_06_5.bmp,I05.BMP,0.32565
i05_07_1.bmp,I05.BMP,0.72184
i05_07_2.bmp,I05.BMP,0.72088
i05_07_3.bmp,I05.BMP,0.6162
i05_07_4.bmp,I05.BMP,0.54632
i05_07_5.bmp,I05.BMP,0.41652
i05_08_1.bmp,I05.BMP,0.73977
i05_08_2.bmp,I05.BMP,0.63459
i05_08_3.bmp,I05.BMP,0.48999
i05_08_4.bmp,I05.BMP,0.36404
i05_08_5.bmp,I05.BMP,0.14452
i05_09_1.bmp,I05.BMP,0.80073
i05_09_2.bmp,I05.BMP,0.80073
i05_09_3.bmp,I05.BMP,0.72901
i05_09_4.bmp,I05.BMP,0.46725
i05_09_5.bmp,I05.BMP,0.16114
i05_10_1.bmp,I05.BMP,0.78735
i05_10_2.bmp,I05.BMP,0.70446
i05_10_3.bmp,I05.BMP,0.64042
i05_10_4.bmp,I05.BMP,0.4585
i05_10_5.bmp,I05.BMP,0.2346
I05_11_1.BMP,I05.BMP,0.79085
i05_11_2.bmp,I05.BMP,0.73977
i05_11_3.bmp,I05.BMP,0.61068
i05_11_4.bmp,I05.BMP,0.49115
i05_11_5.bmp,I05.BMP,0.28795
i05_12_1.bmp,I05.BMP,0.78035
i05_12_2.bmp,I05.BMP,0.79356
i05_12_3.bmp,I05.BMP,0.7326
i05_12_4.bmp,I05.BMP,0.51028
i05_12_5.bmp,I05.BMP,0.35609
I05_13_1.BMP,I05.BMP,0.74887
i05_13_2.bmp,I05.BMP,0.6684
i05_13_3.bmp,I05.BMP,0.46366
i05_13_4.bmp,I05.BMP,0.39203
i05_13_5.bmp,I05.BMP,0.24832
i05_14_1.bmp,I05.BMP,0.81534
i05_14_2.bmp,I05.BMP,0.75936
i05_14_3.bmp,I05.BMP,0.76986
i05_14_4.bmp,I05.BMP,0.71467
i05_14_5.bmp,I05.BMP,0.58444
i05_15_1.bmp,I05.BMP,0.4027
i05_15_2.bmp,I05.BMP,0.40987
i05_15_3.bmp,I05.BMP,0.44101
i05_15_4.bmp,I05.BMP,0.52462
i05_15_5.bmp,I05.BMP,0.5169
i05_16_1.bmp,I05.BMP,0.84735
i05_16_2.bmp,I05.BMP,0.81866
i05_16_3.bmp,I05.BMP,0.76636
i05_16_4.bmp,I05.BMP,0.69639
i05_16_5.bmp,I05.BMP,0.57482
i05_17_1.bmp,I05.BMP,0.72543
i05_17_2.bmp,I05.BMP,0.94478
i05_17_3.bmp,I05.BMP,0.54255
i05_17_4.bmp,I05.BMP,0.90629
i05_17_5.bmp,I05.BMP,0.36684
i05_18_1.bmp,I05.BMP,0.65012
i05_18_2.bmp,I05.BMP,0.56839
i05_18_3.bmp,I05.BMP,0.50219
i05_18_4.bmp,I05.BMP,0.47276
i05_18_5.bmp,I05.BMP,0.41704
i05_19_1.bmp,I05.BMP,0.7075
i05_19_2.bmp,I05.BMP,0.65441
i05_19_3.bmp,I05.BMP,0.57124
i05_19_4.bmp,I05.BMP,0.48876
i05_19_5.bmp,I05.BMP,0.448
i05_20_1.bmp,I05.BMP,0.78035
i05_20_2.bmp,I05.BMP,0.76286
i05_20_3.bmp,I05.BMP,0.68589
i05_20_4.bmp,I05.BMP,0.60709
i05_20_5.bmp,I05.BMP,0.43598
i05_21_1.bmp,I05.BMP,0.76846
i05_21_2.bmp,I05.BMP,0.67164
i05_21_3.bmp,I05.BMP,0.59144
i05_21_4.bmp,I05.BMP,0.44573
i05_21_5.bmp,I05.BMP,0.32023
i05_22_1.bmp,I05.BMP,0.72184
i05_22_2.bmp,I05.BMP,0.71825
i05_22_3.bmp,I05.BMP,0.64741
i05_22_4.bmp,I05.BMP,0.55331
i05_22_5.bmp,I05.BMP,0.42002
i05_23_1.bmp,I05.BMP,0.78735
i05_23_2.bmp,I05.BMP,0.76487
i05_23_3.bmp,I05.BMP,0.77335
i05_23_4.bmp,I05.BMP,0.79085
i05_23_5.bmp,I05.BMP,0.74537
i05_24_1.bmp,I05.BMP,0.7577
i05_24_2.bmp,I05.BMP,0.76986
i05_24_3.bmp,I05.BMP,0.71108
i05_24_4.bmp,I05.BMP,0.53197
i05_24_5.bmp,I05.BMP,0.33956
I06_01_1.bmp,I06.BMP,0.79094
i06_01_2.bmp,I06.BMP,0.7063
i06_01_3.bmp,I06.BMP,0.68627
i06_01_4.bmp,I06.BMP,0.58404
i06_01_5.bmp,I06.BMP,0.48318
i06_02_1.bmp,I06.BMP,0.84909
i06_02_2.bmp,I06.BMP,0.79482
i06_02_3.bmp,I06.BMP,0.7483
i06_02_4.bmp,I06.BMP,0.65849
i06_02_5.bmp,I06.BMP,0.59474
i06_03_1.bmp,I06.BMP,0.62263
i06_03_2.bmp,I06.BMP,0.54716
i06_03_3.bmp,I06.BMP,0.46326
i06_03_4.bmp,I06.BMP,0.38778
i06_03_5.bmp,I06.BMP,0.32381
i06_04_1.bmp,I06.BMP,0.80192
i06_04_2.bmp,I06.BMP,0.80591
i06_04_3.bmp,I06.BMP,0.782
i06_04_4.bmp,I06.BMP,0.69403
i06_04_5.bmp,I06.BMP,0.62263
i06_05_1.bmp,I06.BMP,0.8142
i06_05_2.bmp,I06.BMP,0.78485
i06_05_3.bmp,I06.BMP,0.67852
i06_05_4.bmp,I06.BMP,0.54306
i06_05_5.bmp,I06.BMP,0.38778
i06_06_1.bmp,I06.BMP,0.62662
i06_06_2.bmp,I06.BMP,0.59474
i06_06_3.bmp,I06.BMP,0.50709
i06_06_4.bmp,I06.BMP,0.47123
i06_06_5.bmp,I06.BMP,0.40328
i06_07_1.bmp,I06.BMP,0.72891
i06_07_2.bmp,I06.BMP,0.69879
i06_07_3.bmp,I06.BMP,0.59711
i06_07_4.bmp,I06.BMP,0.41602
i06_07_5.bmp,I06.BMP,0.35045
i06_08_1.bmp,I06.BMP,0.70953
i06_08_2.bmp,I06.BMP,0.62263
i06_08_3.bmp,I06.BMP,0.4652
i06_08_4.bmp,I06.BMP,0.35289
i06_08_5.bmp,I06.BMP,0.25985
i06_09_1.bmp,I06.BMP,0.83358
i06_09_2.bmp,I06.BMP,0.80645
i06_09_3.bmp,I06.BMP,0.66301
i06_09_4.bmp,I06.BMP,0.39553
i06_09_5.bmp,I06.BMP,0.20292
i06_10_1.bmp,I06.BMP,0.80257
i06_10_2.bmp,I06.BMP,0.77255
i06_10_3.bmp,I06.BMP,0.74387
i06_10_4.bmp,I06.BMP,0.41879
i06_10_5.bmp,I06.BMP,0.22022
I06_11_1.BMP,I06.BMP,0.75993
i06_11_2.bmp,I06.BMP,0.71029
i06_11_3.bmp,I06.BMP,0.61068
i06_11_4.bmp,I06.BMP,0.40716
i06_11_5.bmp,I06.BMP,0.07377
i06_12_1.bmp,I06.BMP,0.80591
i06_12_2.bmp,I06.BMP,0.64654
i06_12_3.bmp,I06.BMP,0.58936
i06_12_4.bmp,I06.BMP,0.48569
i06_12_5.bmp,I06.BMP,0.5157
I06_13_1.BMP,I06.BMP,0.63588
i06_13_2.bmp,I06.BMP,0.65781
i06_13_3.bmp,I06.BMP,0.56355
i06_13_4.bmp,I06.BMP,0.42342
i06_13_5.bmp,I06.BMP,0.35289
i06_14_1.bmp,I06.BMP,0.82583
i06_14_2.bmp,I06.BMP,0.82583
i06_14_3.bmp,I06.BMP,0.64961
i06_14_4.bmp,I06.BMP,0.58677
i06_14_5.bmp,I06.BMP,0.58279
i06_15_1.bmp,I06.BMP,0.48469
i06_15_2.bmp,I06.BMP,0.44205
i06_15_3.bmp,I06.BMP,0.5031
i06_15_4.bmp,I06.BMP,0.59711
i06_15_5.bmp,I06.BMP,0.65849
i06_16_1.bmp,I06.BMP,0.76381
i06_16_2.bmp,I06.BMP,0.86169
i06_16_3.bmp,I06.BMP,0.69435
i06_16_4.bmp,I06.BMP,0.80257
i06_16_5.bmp,I06.BMP,0.55888
i06_17_1.bmp,I06.BMP,0.76208
i06_17_2.bmp,I06.BMP,0.83746
i06_17_3.bmp,I06.BMP,0.54693
i06_17_4.bmp,I06.BMP,0.80257
i06_17_5.bmp,I06.BMP,0.4498
i06_18_1.bmp,I06.BMP,0.71108
i06_18_2.bmp,I06.BMP,0.59076
i06_18_3.bmp,I06.BMP,0.52303
i06_18_4.bmp,I06.BMP,0.5002
i06_18_5.bmp,I06.BMP,0.50795
i06_19_1.bmp,I06.BMP,0.73021
i06_19_2.bmp,I06.BMP,0.72116
i06_19_3.bmp,I06.BMP,0.67464
i06_19_4.bmp,I06.BMP,0.56685
i06_19_5.bmp,I06.BMP,0.48081
i06_20_1.bmp,I06.BMP,0.77005
i06_20_2.bmp,I06.BMP,0.72224
i06_20_3.bmp,I06.BMP,0.76768
i06_20_4.bmp,I06.BMP,0.67464
i06_20_5.bmp,I06.BMP,0.53509
i06_21_1.bmp,I06.BMP,0.78319
i06_21_2.bmp,I06.BMP,0.69833
i06_21_3.bmp,I06.BMP,0.64142
i06_21_4.bmp,I06.BMP,0.48717
i06_21_5.bmp,I06.BMP,0.36764
i06_22_1.bmp,I06.BMP,0.77403
i06_22_2.bmp,I06.BMP,0.72224
i06_22_3.bmp,I06.BMP,0.56222
i06_22_4.bmp,I06.BMP,0.47694
i06_22_5.bmp,I06.BMP,0.39165
i06_23_1.bmp,I06.BMP,0.81354
i06_23_2.bmp,I06.BMP,0.79794
i06_23_3.bmp,I06.BMP,0.77931
i06_23_4.bmp,I06.BMP,0.72891
i06_23_5.bmp,I06.BMP,0.30127
i06_24_1.bmp,I06.BMP,0.80257
i06_24_2.bmp,I06.BMP,0.79714
i06_24_3.bmp,I06.BMP,0.65526
i06_24_4.bmp,I06.BMP,0.42654
i06_24_5.bmp,I06.BMP,0.09273
I07_01_1.bmp,I07.BMP,0.78019
i07_01_2.bmp,I07.BMP,0.69544
i07_01_3.bmp,I07.BMP,0.65371
i07_01_4.bmp,I07.BMP,0.60416
i07_01_5.bmp,I07.BMP,0.53555
i07_02_1.bmp,I07.BMP,0.8322
i07_02_2.bmp,I07.BMP,0.80627
i07_02_3.bmp,I07.BMP,0.76245
i07_02_4.bmp,I07.BMP,0.71575
i07_02_5.bmp,I07.BMP,0.64734
i07_03_1.bmp,I07.BMP,0.67283
i07_03_2.bmp,I07.BMP,0.57156
i07_03_3.bmp,I07.BMP,0.50071
i07_03_4.bmp,I07.BMP,0.44015
i07_03_5.bmp,I07.BMP,0.35728
i07_04_1.bmp,I07.BMP,0.80671
i07_04_2.bmp,I07.BMP,0.82583
i07_04_3.bmp,I07.BMP,0.74296
i07_04_4.bmp,I07.BMP,0.6754
i07_04_5.bmp,I07.BMP,0.56898
i07_05_1.bmp,I07.BMP,0.8322
i07_05_2.bmp,I07.BMP,0.79714
i07_05_3.bmp,I07.BMP,0.70522
i07_05_4.bmp,I07.BMP,0.57899
i07_05_5.bmp,I07.BMP,0.44117
i07_06_1.bmp,I07.BMP,0.65849
i07_06_2.bmp,I07.BMP,0.62698
i07_06_3.bmp,I07.BMP,0.56178
i07_06_4.bmp,I07.BMP,0.5031
i07_06_5.bmp,I07.BMP,0.44117
i07_07_1.bmp,I07.BMP,0.76579
i07_07_2.bmp,I07.BMP,0.70972
i07_07_3.bmp,I07.BMP,0.5846
i07_07_4.bmp,I07.BMP,0.48478
i07_07_5.bmp,I07.BMP,0.37218
i07_08_1.bmp,I07.BMP,0.80627
i07_08_2.bmp,I07.BMP,0.75889
i07_08_3.bmp,I07.BMP,0.62236
i07_08_4.bmp,I07.BMP,0.45609
i07_08_5.bmp,I07.BMP,0.34337
i07_09_1.bmp,I07.BMP,0.88639
i07_09_2.bmp,I07.BMP,0.82902
i07_09_3.bmp,I07.BMP,0.71499
i07_09_4.bmp,I07.BMP,0.53563
i07_09_5.bmp,I07.BMP,0.31903
i07_10_1.bmp,I07.BMP,0.84495
i07_10_2.bmp,I07.BMP,0.80953
i07_10_3.bmp,I07.BMP,0.68892
i07_10_4.bmp,I07.BMP,0.49659
i07_10_5.bmp,I07.BMP,0.28469
I07_11_1.BMP,I07.BMP,0.75245
i07_11_2.bmp,I07.BMP,0.61227
i07_11_3.bmp,I07.BMP,0.45747
i07_11_4.bmp,I07.BMP,0.31266
i07_11_5.bmp,I07.BMP,0.1054
i07_12_1.bmp,I07.BMP,0.73129
i07_12_2.bmp,I07.BMP,0.64328
i07_12_3.bmp,I07.BMP,0.47203
i07_12_4.bmp,I07.BMP,0.37597
i07_12_5.bmp,I07.BMP,0.32541
I07_13_1.BMP,I07.BMP,0.62236
i07_13_2.bmp,I07.BMP,0.54874
i07_13_3.bmp,I07.BMP,0.4489
i07_13_4.bmp,I07.BMP,0.35641
i07_13_5.bmp,I07.BMP,0.32541
i07_14_1.bmp,I07.BMP,0.79649
i07_14_2.bmp,I07.BMP,0.84865
i07_14_3.bmp,I07.BMP,0.78345
i07_14_4.bmp,I07.BMP,0.71427
i07_14_5.bmp,I07.BMP,0.5683
i07_15_1.bmp,I07.BMP,0.4868
i07_15_2.bmp,I07.BMP,0.43697
i07_15_3.bmp,I07.BMP,0.40205
i07_15_4.bmp,I07.BMP,0.44443
i07_15_5.bmp,I07.BMP,0.48893
i07_16_1.bmp,I07.BMP,0.85517
i07_16_2.bmp,I07.BMP,0.87587
i07_16_3.bmp,I07.BMP,0.81627
i07_16_4.bmp,I07.BMP,0.7334
i07_16_5.bmp,I07.BMP,0.65632
i07_17_1.bmp,I07.BMP,0.76063
i07_17_2.bmp,I07.BMP,0.8832
i07_17_3.bmp,I07.BMP,0.59702
i07_17_4.bmp,I07.BMP,0.93014
i07_17_5.bmp,I07.BMP,0.44443
i07_18_1.bmp,I07.BMP,0.73781
i07_18_2.bmp,I07.BMP,0.67588
i07_18_3.bmp,I07.BMP,0.59315
i07_18_4.bmp,I07.BMP,0.5194
i07_18_5.bmp,I07.BMP,0.4868
i07_19_1.bmp,I07.BMP,0.80671
i07_19_2.bmp,I07.BMP,0.74614
i07_19_3.bmp,I07.BMP,0.65371
i07_19_4.bmp,I07.BMP,0.55526
i07_19_5.bmp,I07.BMP,0.49659
i07_20_1.bmp,I07.BMP,0.78997
i07_20_2.bmp,I07.BMP,0.74296
i07_20_3.bmp,I07.BMP,0.599
i07_20_4.bmp,I07.BMP,0.48478
i07_20_5.bmp,I07.BMP,0.38552
i07_21_1.bmp,I07.BMP,0.77802
i07_21_2.bmp,I07.BMP,0.67588
i07_21_3.bmp,I07.BMP,0.5549
i07_21_4.bmp,I07.BMP,0.45095
i07_21_5.bmp,I07.BMP,0.2988
i07_22_1.bmp,I07.BMP,0.81627
i07_22_2.bmp,I07.BMP,0.71575
i07_22_3.bmp,I07.BMP,0.63236
i07_22_4.bmp,I07.BMP,0.55945
i07_22_5.bmp,I07.BMP,0.34663
i07_23_1.bmp,I07.BMP,0.82902
i07_23_2.bmp,I07.BMP,0.78758
i07_23_3.bmp,I07.BMP,0.68877
i07_23_4.bmp,I07.BMP,0.56898
i07_23_5.bmp,I07.BMP,0.34453
i07_24_1.bmp,I07.BMP,0.7858
i07_24_2.bmp,I07.BMP,0.67283
i07_24_3.bmp,I07.BMP,0.5194
i07_24_4.bmp,I07.BMP,0.28795
i07_24_5.bmp,I07.BMP,0.03353
I08_01_1.bmp,I08.BMP,0.76105
i08_01_2.bmp,I08.BMP,0.64075
i08_01_3.bmp,I08.BMP,0.65926
i08_01_4.bmp,I08.BMP,0.55331
i08_01_5.bmp,I08.BMP,0.47419
i08_02_1.bmp,I08.BMP,0.76756
i08_02_2.bmp,I08.BMP,0.76105
i08_02_3.bmp,I08.BMP,0.74067
i08_02_4.bmp,I08.BMP,0.71479
i08_02_5.bmp,I08.BMP,0.6315
i08_03_1.bmp,I08.BMP,0.6315
i08_03_2.bmp,I08.BMP,0.5806
i08_03_3.bmp,I08.BMP,0.46247
i08_03_4.bmp,I08.BMP,0.39105
i08_03_5.bmp,I08.BMP,0.3014
i08_04_1.bmp,I08.BMP,0.83508
i08_04_2.bmp,I08.BMP,0.8027
i08_04_3.bmp,I08.BMP,0.77204
i08_04_4.bmp,I08.BMP,0.74515
i08_04_5.bmp,I08.BMP,0.67777
i08_05_1.bmp,I08.BMP,0.73021
i08_05_2.bmp,I08.BMP,0.74717
i08_05_3.bmp,I08.BMP,0.64206
i08_05_4.bmp,I08.BMP,0.53434
i08_05_5.bmp,I08.BMP,0.41346
i08_06_1.bmp,I08.BMP,0.59449
i08_06_2.bmp,I08.BMP,0.55241
i08_06_3.bmp,I08.BMP,0.5294
i08_06_4.bmp,I08.BMP,0.48344
i08_06_5.bmp,I08.BMP,0.40478
i08_07_1.bmp,I08.BMP,0.75411
i08_07_2.bmp,I08.BMP,0.6315
i08_07_3.bmp,I08.BMP,0.56287
i08_07_4.bmp,I08.BMP,0.46031
i08_07_5.bmp,I08.BMP,0.30762
i08_08_1.bmp,I08.BMP,0.71377
i08_08_2.bmp,I08.BMP,0.62413
i08_08_3.bmp,I08.BMP,0.52508
i08_08_4.bmp,I08.BMP,0.37702
i08_08_5.bmp,I08.BMP,0.24747
i08_09_1.bmp,I08.BMP,0.78419
i08_09_2.bmp,I08.BMP,0.8079
i08_09_3.bmp,I08.BMP,0.68688
i08_09_4.bmp,I08.BMP,0.46725
i08_09_5.bmp,I08.BMP,0.21624
i08_10_1.bmp,I08.BMP,0.8212
i08_10_2.bmp,I08.BMP,0.76756
i08_10_3.bmp,I08.BMP,0.63757
i08_10_4.bmp,I08.BMP,0.42691
i08_10_5.bmp,I08.BMP,0.15797
I08_11_1.BMP,I08.BMP,0.82583
i08_11_2.bmp,I08.BMP,0.71825
i08_11_3.bmp,I08.BMP,0.62024
i08_11_4.bmp,I08.BMP,0.56672
i08_11_5.bmp,I08.BMP,0.29035
i08_12_1.bmp,I08.BMP,0.85359
i08_12_2.bmp,I08.BMP,0.78882
i08_12_3.bmp,I08.BMP,0.75411
i08_12_4.bmp,I08.BMP,0.6555
i08_12_5.bmp,I08.BMP,0.57482
I08_13_1.BMP,I08.BMP,0.79445
i08_13_2.bmp,I08.BMP,0.43378
i08_13_3.bmp,I08.BMP,0.59449
i08_13_4.bmp,I08.BMP,0.35728
i08_13_5.bmp,I08.BMP,0.27003
i08_14_1.bmp,I08.BMP,0.77652
i08_14_2.bmp,I08.BMP,0.74515
i08_14_3.bmp,I08.BMP,0.66389
i08_14_4.bmp,I08.BMP,0.64654
i08_14_5.bmp,I08.BMP,0.53896
i08_15_1.bmp,I08.BMP,0.50657
i08_15_2.bmp,I08.BMP,0.38628
i08_15_3.bmp,I08.BMP,0.43587
i08_15_4.bmp,I08.BMP,0.49414
i08_15_5.bmp,I08.BMP,0.46956
i08_16_1.bmp,I08.BMP,0.83479
i08_16_2.bmp,I08.BMP,0.78997
i08_16_3.bmp,I08.BMP,0.80732
i08_16_4.bmp,I08.BMP,0.66852
i08_16_5.bmp,I08.BMP,0.62024
i08_17_1.bmp,I08.BMP,0.74067
i08_17_2.bmp,I08.BMP,0.76568
i08_17_3.bmp,I08.BMP,0.56586
i08_17_4.bmp,I08.BMP,0.69165
i08_17_5.bmp,I08.BMP,0.43254
i08_18_1.bmp,I08.BMP,0.57482
i08_18_2.bmp,I08.BMP,0.50195
i08_18_3.bmp,I08.BMP,0.38656
i08_18_4.bmp,I08.BMP,0.37312
i08_18_5.bmp,I08.BMP,0.37702
i08_19_1.bmp,I08.BMP,0.73792
i08_19_2.bmp,I08.BMP,0.67314
i08_19_3.bmp,I08.BMP,0.63757
i08_19_4.bmp,I08.BMP,0.54359
i08_19_5.bmp,I08.BMP,0.48069
i08_20_1.bmp,I08.BMP,0.80732
i08_20_2.bmp,I08.BMP,0.8212
i08_20_3.bmp,I08.BMP,0.72065
i08_20_4.bmp,I08.BMP,0.62861
i08_20_5.bmp,I08.BMP,0.51207
i08_21_1.bmp,I08.BMP,0.78101
i08_21_2.bmp,I08.BMP,0.67314
i08_21_3.bmp,I08.BMP,0.5806
i08_21_4.bmp,I08.BMP,0.5112
i08_21_5.bmp,I08.BMP,0.34926
i08_22_1.bmp,I08.BMP,0.77031
i08_22_2.bmp,I08.BMP,0.74717
i08_22_3.bmp,I08.BMP,0.5621
i08_22_4.bmp,I08.BMP,0.40449
i08_22_5.bmp,I08.BMP,0.30588
i08_23_1.bmp,I08.BMP,0.83046
i08_23_2.bmp,I08.BMP,0.84896
i08_23_3.bmp,I08.BMP,0.77956
i08_23_4.bmp,I08.BMP,0.75411
i08_23_5.bmp,I08.BMP,0.74515
i08_24_1.bmp,I08.BMP,0.81658
i08_24_2.bmp,I08.BMP,0.79445
i08_24_3.bmp,I08.BMP,0.72404
i08_24_4.bmp,I08.BMP,0.53434
i08_24_5.bmp,I08.BMP,0.34174
I09_01_1.bmp,I09.BMP,0.73455
i09_01_2.bmp,I09.BMP,0.6824
i09_01_3.bmp,I09.BMP,0.6172
i09_01_4.bmp,I09.BMP,0.54359
i09_01_5.bmp,I09.BMP,0.4868
i09_02_1.bmp,I09.BMP,0.80844
i09_02_2.bmp,I09.BMP,0.83018
i09_02_3.bmp,I09.BMP,0.76308
i09_02_4.bmp,I09.BMP,0.66447
i09_02_5.bmp,I09.BMP,0.6172
i09_03_1.bmp,I09.BMP,0.62589
i09_03_2.bmp,I09.BMP,0.55241
i09_03_3.bmp,I09.BMP,0.4955
i09_03_4.bmp,I09.BMP,0.43139
i09_03_5.bmp,I09.BMP,0.37814
i09_04_1.bmp,I09.BMP,0.78882
i09_04_2.bmp,I09.BMP,0.76756
i09_04_3.bmp,I09.BMP,0.73792
i09_04_4.bmp,I09.BMP,0.63613
i09_04_5.bmp,I09.BMP,0.57808
i09_05_1.bmp,I09.BMP,0.81658
i09_05_2.bmp,I09.BMP,0.75411
i09_05_3.bmp,I09.BMP,0.67791
i09_05_4.bmp,I09.BMP,0.552
i09_05_5.bmp,I09.BMP,0.48069
i09_06_1.bmp,I09.BMP,0.71377
i09_06_2.bmp,I09.BMP,0.58379
i09_06_3.bmp,I09.BMP,0.5621
i09_06_4.bmp,I09.BMP,0.51207
i09_06_5.bmp,I09.BMP,0.44483
i09_07_1.bmp,I09.BMP,0.66501
i09_07_2.bmp,I09.BMP,0.64654
i09_07_3.bmp,I09.BMP,0.55747
i09_07_4.bmp,I09.BMP,0.49115
i09_07_5.bmp,I09.BMP,0.35389
i09_08_1.bmp,I09.BMP,0.8079
i09_08_2.bmp,I09.BMP,0.71717
i09_08_3.bmp,I09.BMP,0.58827
i09_08_4.bmp,I09.BMP,0.46507
i09_08_5.bmp,I09.BMP,0.30588
i09_09_1.bmp,I09.BMP,0.90407
i09_09_2.bmp,I09.BMP,0.83887
i09_09_3.bmp,I09.BMP,0.70413
i09_09_4.bmp,I09.BMP,0.52552
i09_09_5.bmp,I09.BMP,0.32599
i09_10_1.bmp,I09.BMP,0.82583
i09_10_2.bmp,I09.BMP,0.77652
i09_10_3.bmp,I09.BMP,0.66895
i09_10_4.bmp,I09.BMP,0.42329
i09_10_5.bmp,I09.BMP,0.3014
I09_11_1.BMP,I09.BMP,0.81238
i09_11_2.bmp,I09.BMP,0.70481
i09_11_3.bmp,I09.BMP,0.53448
i09_11_4.bmp,I09.BMP,0.31037
i09_11_5.bmp,I09.BMP,0.09128
i09_12_1.bmp,I09.BMP,0.83452
i09_12_2.bmp,I09.BMP,0.81238
i09_12_3.bmp,I09.BMP,0.66895
i09_12_4.bmp,I09.BMP,0.39105
i09_12_5.bmp,I09.BMP,0.37312
I09_13_1.BMP,I09.BMP,0.61285
i09_13_2.bmp,I09.BMP,0.50657
i09_13_3.bmp,I09.BMP,0.44334
i09_13_4.bmp,I09.BMP,0.36945
i09_13_5.bmp,I09.BMP,0.37814
i09_14_1.bmp,I09.BMP,0.80342
i09_14_2.bmp,I09.BMP,0.75194
i09_14_3.bmp,I09.BMP,0.86617
i09_14_4.bmp,I09.BMP,0.60172
i09_14_5.bmp,I09.BMP,0.44035
i09_15_1.bmp,I09.BMP,0.38249
i09_15_2.bmp,I09.BMP,0.40422
i09_15_3.bmp,I09.BMP,0.43139
i09_15_4.bmp,I09.BMP,0.48069
i09_15_5.bmp,I09.BMP,0.8041
i09_16_1.bmp,I09.BMP,0.83452
i09_16_2.bmp,I09.BMP,0.86929
i09_16_3.bmp,I09.BMP,0.78997
i09_16_4.bmp,I09.BMP,0.81195
i09_16_5.bmp,I09.BMP,0.63459
i09_17_1.bmp,I09.BMP,0.79894
i09_17_2.bmp,I09.BMP,0.93884
i09_17_3.bmp,I09.BMP,0.65102
i09_17_4.bmp,I09.BMP,0.87799
i09_17_5.bmp,I09.BMP,0.48246
i09_18_1.bmp,I09.BMP,0.65632
i09_18_2.bmp,I09.BMP,0.58243
i09_18_3.bmp,I09.BMP,0.54822
i09_18_4.bmp,I09.BMP,0.44035
i09_18_5.bmp,I09.BMP,0.41794
i09_19_1.bmp,I09.BMP,0.75411
i09_19_2.bmp,I09.BMP,0.63613
i09_19_3.bmp,I09.BMP,0.61299
i09_19_4.bmp,I09.BMP,0.54793
i09_19_5.bmp,I09.BMP,0.46507
i09_20_1.bmp,I09.BMP,0.79894
i09_20_2.bmp,I09.BMP,0.77802
i09_20_3.bmp,I09.BMP,0.61068
i09_20_4.bmp,I09.BMP,0.52592
i09_20_5.bmp,I09.BMP,0.38249
i09_21_1.bmp,I09.BMP,0.72152
i09_21_2.bmp,I09.BMP,0.6555
i09_21_3.bmp,I09.BMP,0.57482
i09_21_4.bmp,I09.BMP,0.46725
i09_21_5.bmp,I09.BMP,0.27523
i09_22_1.bmp,I09.BMP,0.78549
i09_22_2.bmp,I09.BMP,0.7954
i09_22_3.bmp,I09.BMP,0.75411
i09_22_4.bmp,I09.BMP,0.55241
i09_22_5.bmp,I09.BMP,0.35519
i09_23_1.bmp,I09.BMP,0.86169
i09_23_2.bmp,I09.BMP,0.86617
i09_23_3.bmp,I09.BMP,0.83018
i09_23_4.bmp,I09.BMP,0.6555
i09_23_5.bmp,I09.BMP,0.3776
i09_24_1.bmp,I09.BMP,0.78997
i09_24_2.bmp,I09.BMP,0.69584
i09_24_3.bmp,I09.BMP,0.5031
i09_24_4.bmp,I09.BMP,0.25644
i09_24_5.bmp,I09.BMP,0
I10_01_1.bmp,I10.BMP,0.78537
i10_01_2.bmp,I10.BMP,0.74442
i10_01_3.bmp,I10.BMP,0.64562
i10_01_4.bmp,I10.BMP,0.6162
i10_01_5.bmp,I10.BMP,0.51254
i10_02_1.bmp,I10.BMP,0.83358
i10_02_2.bmp,I10.BMP,0.80257
i10_02_3.bmp,I10.BMP,0.79273
i10_02_4.bmp,I10.BMP,0.75789
i10_02_5.bmp,I10.BMP,0.64363
i10_03_1.bmp,I10.BMP,0.69015
i10_03_2.bmp,I10.BMP,0.59076
i10_03_3.bmp,I10.BMP,0.54264
i10_03_4.bmp,I10.BMP,0.43966
i10_03_5.bmp,I10.BMP,0.3845
i10_04_1.bmp,I10.BMP,0.83686
i10_04_2.bmp,I10.BMP,0.69833
i10_04_3.bmp,I10.BMP,0.70504
i10_04_4.bmp,I10.BMP,0.6493
i10_04_5.bmp,I10.BMP,0.57206
i10_05_1.bmp,I10.BMP,0.83319
i10_05_2.bmp,I10.BMP,0.79641
i10_05_3.bmp,I10.BMP,0.70814
i10_05_4.bmp,I10.BMP,0.59558
i10_05_5.bmp,I10.BMP,0.4446
i10_06_1.bmp,I10.BMP,0.70504
i10_06_2.bmp,I10.BMP,0.632
i10_06_3.bmp,I10.BMP,0.622
i10_06_4.bmp,I10.BMP,0.51632
i10_06_5.bmp,I10.BMP,0.45368
i10_07_1.bmp,I10.BMP,0.75993
i10_07_2.bmp,I10.BMP,0.68607
i10_07_3.bmp,I10.BMP,0.60516
i10_07_4.bmp,I10.BMP,0.53896
i10_07_5.bmp,I10.BMP,0.40308
i10_08_1.bmp,I10.BMP,0.82205
i10_08_2.bmp,I10.BMP,0.72653
i10_08_3.bmp,I10.BMP,0.58936
i10_08_4.bmp,I10.BMP,0.46725
i10_08_5.bmp,I10.BMP,0.36533
i10_09_1.bmp,I10.BMP,0.82215
i10_09_2.bmp,I10.BMP,0.7817
i10_09_3.bmp,I10.BMP,0.70814
i10_09_4.bmp,I10.BMP,0.51254
i10_09_5.bmp,I10.BMP,0.29255
i10_10_1.bmp,I10.BMP,0.80696
i10_10_2.bmp,I10.BMP,0.79941
i10_10_3.bmp,I10.BMP,0.71182
i10_10_4.bmp,I10.BMP,0.48747
i10_10_5.bmp,I10.BMP,0.31462
I10_11_1.BMP,I10.BMP,0.70446
i10_11_2.bmp,I10.BMP,0.60516
i10_11_3.bmp,I10.BMP,0.4838
i10_11_4.bmp,I10.BMP,0.27852
i10_11_5.bmp,I10.BMP,0.14263
i10_12_1.bmp,I10.BMP,0.6493
i10_12_2.bmp,I10.BMP,0.80318
i10_12_3.bmp,I10.BMP,0.67136
i10_12_4.bmp,I10.BMP,0.54651
i10_12_5.bmp,I10.BMP,0.35023
I10_13_1.BMP,I10.BMP,0.79563
i10_13_2.bmp,I10.BMP,0.52764
i10_13_3.bmp,I10.BMP,0.45592
i10_13_4.bmp,I10.BMP,0.35023
i10_13_5.bmp,I10.BMP,0.38082
i10_14_1.bmp,I10.BMP,0.80009
i10_14_2.bmp,I10.BMP,0.8479
i10_14_3.bmp,I10.BMP,0.76166
i10_14_4.bmp,I10.BMP,0.57773
i10_14_5.bmp,I10.BMP,0.51632
i10_15_1.bmp,I10.BMP,0.40685
i10_15_2.bmp,I10.BMP,0.42863
i10_15_3.bmp,I10.BMP,0.4838
i10_15_4.bmp,I10.BMP,0.44837
i10_15_5.bmp,I10.BMP,0.56471
i10_16_1.bmp,I10.BMP,0.84422
i10_16_2.bmp,I10.BMP,0.84054
i10_16_3.bmp,I10.BMP,0.82951
i10_16_4.bmp,I10.BMP,0.76544
i10_16_5.bmp,I10.BMP,0.70079
i10_17_1.bmp,I10.BMP,0.78431
i10_17_2.bmp,I10.BMP,0.91042
i10_17_3.bmp,I10.BMP,0.62037
i10_17_4.bmp,I10.BMP,0.90674
i10_17_5.bmp,I10.BMP,0.49483
i10_18_1.bmp,I10.BMP,0.61252
i10_18_2.bmp,I10.BMP,0.55
i10_18_3.bmp,I10.BMP,0.51322
i10_18_4.bmp,I10.BMP,0.48612
i10_18_5.bmp,I10.BMP,0.44082
i10_19_1.bmp,I10.BMP,0.76544
i10_19_2.bmp,I10.BMP,0.74279
i10_19_3.bmp,I10.BMP,0.63588
i10_19_4.bmp,I10.BMP,0.56998
i10_19_5.bmp,I10.BMP,0.52057
i10_20_1.bmp,I10.BMP,0.80376
i10_20_2.bmp,I10.BMP,0.73756
i10_20_3.bmp,I10.BMP,0.60149
i10_20_4.bmp,I10.BMP,0.47857
i10_20_5.bmp,I10.BMP,0.37615
i10_21_1.bmp,I10.BMP,0.75411
i10_21_2.bmp,I10.BMP,0.70814
i10_21_3.bmp,I10.BMP,0.57574
i10_21_4.bmp,I10.BMP,0.50586
i10_21_5.bmp,I10.BMP,0.32565
i10_22_1.bmp,I10.BMP,0.82205
i10_22_2.bmp,I10.BMP,0.66401
i10_22_3.bmp,I10.BMP,0.60874
i10_22_4.bmp,I10.BMP,0.54295
i10_22_5.bmp,I10.BMP,0.43231
i10_23_1.bmp,I10.BMP,0.8479
i10_23_2.bmp,I10.BMP,0.81847
i10_23_3.bmp,I10.BMP,0.61823
i10_23_4.bmp,I10.BMP,0.33891
i10_23_5.bmp,I10.BMP,0.17283
i10_24_1.bmp,I10.BMP,0.7486
i10_24_2.bmp,I10.BMP,0.6522
i10_24_3.bmp,I10.BMP,0.46909
i10_24_4.bmp,I10.BMP,0.23271
i10_24_5.bmp,I10.BMP,0.01807
I11_01_1.bmp,I11.BMP,0.75993
i11_01_2.bmp,I11.BMP,0.70566
i11_01_3.bmp,I11.BMP,0.73279
i11_01_4.bmp,I11.BMP,0.57994
i11_01_5.bmp,I11.BMP,0.51904
i11_02_1.bmp,I11.BMP,0.76208
i11_02_2.bmp,I11.BMP,0.80944
i11_02_3.bmp,I11.BMP,0.74614
i11_02_4.bmp,I11.BMP,0.71029
i11_02_5.bmp,I11.BMP,0.64654
i11_03_1.bmp,I11.BMP,0.6824
i11_03_2.bmp,I11.BMP,0.60099
i11_03_3.bmp,I11.BMP,0.51437
i11_03_4.bmp,I11.BMP,0.4343
i11_03_5.bmp,I11.BMP,0.38358
i11_04_1.bmp,I11.BMP,0.74989
i11_04_2.bmp,I11.BMP,0.77156
i11_04_3.bmp,I11.BMP,0.72338
i11_04_4.bmp,I11.BMP,0.71029
i11_04_5.bmp,I11.BMP,0.63588
i11_05_1.bmp,I11.BMP,0.82971
i11_05_2.bmp,I11.BMP,0.79794
i11_05_3.bmp,I11.BMP,0.72504
i11_05_4.bmp,I11.BMP,0.56685
i11_05_5.bmp,I11.BMP,0.4035
i11_06_1.bmp,I11.BMP,0.63857
i11_06_2.bmp,I11.BMP,0.59474
i11_06_3.bmp,I11.BMP,0.53509
i11_06_4.bmp,I11.BMP,0.47306
i11_06_5.bmp,I11.BMP,0.39963
i11_07_1.bmp,I11.BMP,0.76381
i11_07_2.bmp,I11.BMP,0.65371
i11_07_3.bmp,I11.BMP,0.61466
i11_07_4.bmp,I11.BMP,0.53053
i11_07_5.bmp,I11.BMP,0.36064
i11_08_1.bmp,I11.BMP,0.6742
i11_08_2.bmp,I11.BMP,0.62093
i11_08_3.bmp,I11.BMP,0.50407
i11_08_4.bmp,I11.BMP,0.37504
i11_08_5.bmp,I11.BMP,0.29991
i11_09_1.bmp,I11.BMP,0.79869
i11_09_2.bmp,I11.BMP,0.80645
i11_09_3.bmp,I11.BMP,0.63459
i11_09_4.bmp,I11.BMP,0.44334
i11_09_5.bmp,I11.BMP,0.24811
i11_10_1.bmp,I11.BMP,0.79869
i11_10_2.bmp,I11.BMP,0.77543
i11_10_3.bmp,I11.BMP,0.68638
i11_10_4.bmp,I11.BMP,0.46531
i11_10_5.bmp,I11.BMP,0.29086
I11_11_1.BMP,I11.BMP,0.80591
i11_11_2.bmp,I11.BMP,0.74387
i11_11_3.bmp,I11.BMP,0.6067
i11_11_4.bmp,I11.BMP,0.38324
i11_11_5.bmp,I11.BMP,0.10468
i11_12_1.bmp,I11.BMP,0.77005
i11_12_2.bmp,I11.BMP,0.82185
i11_12_3.bmp,I11.BMP,0.62812
i11_12_4.bmp,I11.BMP,0.50709
i11_12_5.bmp,I11.BMP,0.25608
I11_13_1.BMP,I11.BMP,0.55092
i11_13_2.bmp,I11.BMP,0.61649
i11_13_3.bmp,I11.BMP,0.43139
i11_13_4.bmp,I11.BMP,0.35967
i11_13_5.bmp,I11.BMP,0.29194
i11_14_1.bmp,I11.BMP,0.80192
i11_14_2.bmp,I11.BMP,0.74797
i11_14_3.bmp,I11.BMP,0.72504
i11_14_4.bmp,I11.BMP,0.7063
i11_14_5.bmp,I11.BMP,0.59474
i11_15_1.bmp,I11.BMP,0.42267
i11_15_2.bmp,I11.BMP,0.45131
i11_15_3.bmp,I11.BMP,0.46725
i11_15_4.bmp,I11.BMP,0.49244
i11_15_5.bmp,I11.BMP,0.46725
i11_16_1.bmp,I11.BMP,0.84134
i11_16_2.bmp,I11.BMP,0.8142
i11_16_3.bmp,I11.BMP,0.782
i11_16_4.bmp,I11.BMP,0.67464
i11_16_5.bmp,I11.BMP,0.62037
i11_17_1.bmp,I11.BMP,0.76768
i11_17_2.bmp,I11.BMP,0.93341
i11_17_3.bmp,I11.BMP,0.58814
i11_17_4.bmp,I11.BMP,0.946
i11_17_5.bmp,I11.BMP,0.42654
i11_18_1.bmp,I11.BMP,0.61865
i11_18_2.bmp,I11.BMP,0.57773
i11_18_3.bmp,I11.BMP,0.4792
i11_18_4.bmp,I11.BMP,0.45881
i11_18_5.bmp,I11.BMP,0.46918
i11_19_1.bmp,I11.BMP,0.77543
i11_19_2.bmp,I11.BMP,0.69833
i11_19_3.bmp,I11.BMP,0.632
i11_19_4.bmp,I11.BMP,0.53487
i11_19_5.bmp,I11.BMP,0.48469
i11_20_1.bmp,I11.BMP,0.82993
i11_20_2.bmp,I11.BMP,0.76768
i11_20_3.bmp,I11.BMP,0.73279
i11_20_4.bmp,I11.BMP,0.66646
i11_20_5.bmp,I11.BMP,0.48717
i11_21_1.bmp,I11.BMP,0.78319
i11_21_2.bmp,I11.BMP,0.74216
i11_21_3.bmp,I11.BMP,0.59711
i11_21_4.bmp,I11.BMP,0.51904
i11_21_5.bmp,I11.BMP,0.34513
i11_22_1.bmp,I11.BMP,0.76381
i11_22_2.bmp,I11.BMP,0.74055
i11_22_3.bmp,I11.BMP,0.66689
i11_22_4.bmp,I11.BMP,0.48857
i11_22_5.bmp,I11.BMP,0.3278
i11_23_1.bmp,I11.BMP,0.80645
i11_23_2.bmp,I11.BMP,0.80257
i11_23_3.bmp,I11.BMP,0.81808
i11_23_4.bmp,I11.BMP,0.72116
i11_23_5.bmp,I11.BMP,0.36064
i11_24_1.bmp,I11.BMP,0.8142
i11_24_2.bmp,I11.BMP,0.75013
i11_24_3.bmp,I11.BMP,0.62912
i11_24_4.bmp,I11.BMP,0.37914
i11_24_5.bmp,I11.BMP,0.0489
I12_01_1.bmp,I12.BMP,0.81808
i12_01_2.bmp,I12.BMP,0.67841
i12_01_3.bmp,I12.BMP,0.6522
i12_01_4.bmp,I12.BMP,0.55888
i12_01_5.bmp,I12.BMP,0.50499
i12_02_1.bmp,I12.BMP,0.83746
i12_02_2.bmp,I12.BMP,0.82195
i12_02_3.bmp,I12.BMP,0.75789
i12_02_4.bmp,I12.BMP,0.68995
i12_02_5.bmp,I12.BMP,0.61649
i12_03_1.bmp,I12.BMP,0.62037
i12_03_2.bmp,I12.BMP,0.56222
i12_03_3.bmp,I12.BMP,0.50407
i12_03_4.bmp,I12.BMP,0.41063
i12_03_5.bmp,I12.BMP,0.35401
i12_04_1.bmp,I12.BMP,0.8142
i12_04_2.bmp,I12.BMP,0.75789
i12_04_3.bmp,I12.BMP,0.71259
i12_04_4.bmp,I12.BMP,0.63975
i12_04_5.bmp,I12.BMP,0.50795
i12_05_1.bmp,I12.BMP,0.77543
i12_05_2.bmp,I12.BMP,0.79869
i12_05_3.bmp,I12.BMP,0.71259
i12_05_4.bmp,I12.BMP,0.58936
i12_05_5.bmp,I12.BMP,0.48989
i12_06_1.bmp,I12.BMP,0.69403
i12_06_2.bmp,I12.BMP,0.65597
i12_06_3.bmp,I12.BMP,0.60486
i12_06_4.bmp,I12.BMP,0.55059
i12_06_5.bmp,I12.BMP,0.5031
i12_07_1.bmp,I12.BMP,0.63857
i12_07_2.bmp,I12.BMP,0.59558
i12_07_3.bmp,I12.BMP,0.56538
i12_07_4.bmp,I12.BMP,0.42267
i12_07_5.bmp,I12.BMP,0.39951
i12_08_1.bmp,I12.BMP,0.85225
i12_08_2.bmp,I12.BMP,0.75034
i12_08_3.bmp,I12.BMP,0.61445
i12_08_4.bmp,I12.BMP,0.48234
i12_08_5.bmp,I12.BMP,0.36366
i12_09_1.bmp,I12.BMP,0.87112
i12_09_2.bmp,I12.BMP,0.7581
i12_09_3.bmp,I12.BMP,0.64465
i12_09_4.bmp,I12.BMP,0.45755
i12_09_5.bmp,I12.BMP,0.28898
i12_10_1.bmp,I12.BMP,0.83746
i12_10_2.bmp,I12.BMP,0.81073
i12_10_3.bmp,I12.BMP,0.69749
i12_10_4.bmp,I12.BMP,0.41063
i12_10_5.bmp,I12.BMP,0.28607
I12_11_1.BMP,I12.BMP,0.74055
i12_11_2.bmp,I12.BMP,0.63588
i12_11_3.bmp,I12.BMP,0.36366
i12_11_4.bmp,I12.BMP,0.24455
i12_11_5.bmp,I12.BMP,0.08224
i12_12_1.bmp,I12.BMP,0.75411
i12_12_2.bmp,I12.BMP,0.68995
i12_12_3.bmp,I12.BMP,0.48857
i12_12_4.bmp,I12.BMP,0.40685
i12_12_5.bmp,I12.BMP,0.40716
I12_13_1.BMP,I12.BMP,0.73667
i12_13_2.bmp,I12.BMP,0.62037
i12_13_3.bmp,I12.BMP,0.4295
i12_13_4.bmp,I12.BMP,0.37162
i12_13_5.bmp,I12.BMP,0.53896
i12_14_1.bmp,I12.BMP,0.76166
i12_14_2.bmp,I12.BMP,0.84848
i12_14_3.bmp,I12.BMP,0.61649
i12_14_4.bmp,I12.BMP,0.6069
i12_14_5.bmp,I12.BMP,0.47694
i12_15_1.bmp,I12.BMP,0.46725
i12_15_2.bmp,I12.BMP,0.4693
i12_15_3.bmp,I12.BMP,0.48989
i12_15_4.bmp,I12.BMP,0.55029
i12_15_5.bmp,I12.BMP,0.61683
i12_16_1.bmp,I12.BMP,0.90132
i12_16_2.bmp,I12.BMP,0.86847
i12_16_3.bmp,I12.BMP,0.83338
i12_16_4.bmp,I12.BMP,0.84177
i12_16_5.bmp,I12.BMP,0.77931
i12_17_1.bmp,I12.BMP,0.86358
i12_17_2.bmp,I12.BMP,0.94284
i12_17_3.bmp,I12.BMP,0.65526
i12_17_4.bmp,I12.BMP,0.86358
i12_17_5.bmp,I12.BMP,0.54274
i12_18_1.bmp,I12.BMP,0.77543
i12_18_2.bmp,I12.BMP,0.73279
i12_18_3.bmp,I12.BMP,0.6824
i12_18_4.bmp,I12.BMP,0.60874
i12_18_5.bmp,I12.BMP,0.58161
i12_19_1.bmp,I12.BMP,0.78706
i12_19_2.bmp,I12.BMP,0.75605
i12_19_3.bmp,I12.BMP,0.72504
i12_19_4.bmp,I12.BMP,0.64088
i12_19_5.bmp,I12.BMP,0.54274
i12_20_1.bmp,I12.BMP,0.76607
i12_20_2.bmp,I12.BMP,0.72224
i12_20_3.bmp,I12.BMP,0.60099
i12_20_4.bmp,I12.BMP,0.48234
i12_20_5.bmp,I12.BMP,0.36764
i12_21_1.bmp,I12.BMP,0.70504
i12_21_2.bmp,I12.BMP,0.67464
i12_21_3.bmp,I12.BMP,0.54274
i12_21_4.bmp,I12.BMP,0.39951
i12_21_5.bmp,I12.BMP,0.2521
i12_22_1.bmp,I12.BMP,0.71825
i12_22_2.bmp,I12.BMP,0.70127
i12_22_3.bmp,I12.BMP,0.62037
i12_22_4.bmp,I12.BMP,0.46725
i12_22_5.bmp,I12.BMP,0.34126
i12_23_1.bmp,I12.BMP,0.83358
i12_23_2.bmp,I12.BMP,0.85225
i12_23_3.bmp,I12.BMP,0.6673
i12_23_4.bmp,I12.BMP,0.42267
i12_23_5.bmp,I12.BMP,0.28229
i12_24_1.bmp,I12.BMP,0.80645
i12_24_2.bmp,I12.BMP,0.59324
i12_24_3.bmp,I12.BMP,0.40685
i12_24_4.bmp,I12.BMP,0.24832
i12_24_5.bmp,I12.BMP,0.02338
I13_01_1.bmp,I13.BMP,0.75912
i13_01_2.bmp,I13.BMP,0.74336
i13_01_3.bmp,I13.BMP,0.6924
i13_01_4.bmp,I13.BMP,0.65238
i13_01_5.bmp,I13.BMP,0.54238
i13_02_1.bmp,I13.BMP,0.72679
i13_02_2.bmp,I13.BMP,0.75936
i13_02_3.bmp,I13.BMP,0.77246
i13_02_4.bmp,I13.BMP,0.74045
i13_02_5.bmp,I13.BMP,0.63459
i13_03_1.bmp,I13.BMP,0.70289
i13_03_2.bmp,I13.BMP,0.69264
i13_03_3.bmp,I13.BMP,0.56287
i13_03_4.bmp,I13.BMP,0.49115
i13_03_5.bmp,I13.BMP,0.36138
i13_04_1.bmp,I13.BMP,0.78735
i13_04_2.bmp,I13.BMP,0.75053
i13_04_3.bmp,I13.BMP,0.76245
i13_04_4.bmp,I13.BMP,0.74537
i13_04_5.bmp,I13.BMP,0.67215
i13_05_1.bmp,I13.BMP,0.73362
i13_05_2.bmp,I13.BMP,0.68923
i13_05_3.bmp,I13.BMP,0.75578
i13_05_4.bmp,I13.BMP,0.56287
i13_05_5.bmp,I13.BMP,0.40919
i13_06_1.bmp,I13.BMP,0.61785
i13_06_2.bmp,I13.BMP,0.57565
i13_06_3.bmp,I13.BMP,0.49115
i13_06_4.bmp,I13.BMP,0.45891
i13_06_5.bmp,I13.BMP,0.40919
i13_07_1.bmp,I13.BMP,0.78639
i13_07_2.bmp,I13.BMP,0.72788
i13_07_3.bmp,I13.BMP,0.63117
i13_07_4.bmp,I13.BMP,0.455
i13_07_5.bmp,I13.BMP,0.37104
i13_08_1.bmp,I13.BMP,0.65508
i13_08_2.bmp,I13.BMP,0.53213
i13_08_3.bmp,I13.BMP,0.41302
i13_08_4.bmp,I13.BMP,0.33549
i13_08_5.bmp,I13.BMP,0.21453
i13_09_1.bmp,I13.BMP,0.69289
i13_09_2.bmp,I13.BMP,0.64904
i13_09_3.bmp,I13.BMP,0.42222
i13_09_4.bmp,I13.BMP,0.276
i13_09_5.bmp,I13.BMP,0.0352
i13_10_1.bmp,I13.BMP,0.75245
i13_10_2.bmp,I13.BMP,0.74911
i13_10_3.bmp,I13.BMP,0.60709
i13_10_4.bmp,I13.BMP,0.43222
i13_10_5.bmp,I13.BMP,0.13201
I13_11_1.BMP,I13.BMP,0.7291
i13_11_2.bmp,I13.BMP,0.7291
i13_11_3.bmp,I13.BMP,0.638
i13_11_4.bmp,I13.BMP,0.589
i13_11_5.bmp,I13.BMP,0.30674
i13_12_1.bmp,I13.BMP,0.71575
i13_12_2.bmp,I13.BMP,0.74577
i13_12_3.bmp,I13.BMP,0.69907
i13_12_4.bmp,I13.BMP,0.71996
i13_12_5.bmp,I13.BMP,0.68923
I13_13_1.BMP,I13.BMP,0.74244
i13_13_2.bmp,I13.BMP,0.67215
i13_13_3.bmp,I13.BMP,0.65238
i13_13_4.bmp,I13.BMP,0.48649
i13_13_5.bmp,I13.BMP,0.31015
i13_14_1.bmp,I13.BMP,0.7746
i13_14_2.bmp,I13.BMP,0.74045
i13_14_3.bmp,I13.BMP,0.78826
i13_14_4.bmp,I13.BMP,0.68573
i13_14_5.bmp,I13.BMP,0.53555
i13_15_1.bmp,I13.BMP,0.35705
i13_15_2.bmp,I13.BMP,0.37804
i13_15_3.bmp,I13.BMP,0.40236
i13_15_4.bmp,I13.BMP,0.47749
i13_15_5.bmp,I13.BMP,0.49698
i13_16_1.bmp,I13.BMP,0.76912
i13_16_2.bmp,I13.BMP,0.72242
i13_16_3.bmp,I13.BMP,0.74537
i13_16_4.bmp,I13.BMP,0.58094
i13_16_5.bmp,I13.BMP,0.60234
i13_17_1.bmp,I13.BMP,0.60901
i13_17_2.bmp,I13.BMP,0.91589
i13_17_3.bmp,I13.BMP,0.49894
i13_17_4.bmp,I13.BMP,0.89588
i13_17_5.bmp,I13.BMP,0.33606
i13_18_1.bmp,I13.BMP,0.53197
i13_18_2.bmp,I13.BMP,0.50227
i13_18_3.bmp,I13.BMP,0.41602
i13_18_4.bmp,I13.BMP,0.37346
i13_18_5.bmp,I13.BMP,0.35705
i13_19_1.bmp,I13.BMP,0.71738
i13_19_2.bmp,I13.BMP,0.71996
i13_19_3.bmp,I13.BMP,0.7291
i13_19_4.bmp,I13.BMP,0.61243
i13_19_5.bmp,I13.BMP,0.56231
i13_20_1.bmp,I13.BMP,0.77913
i13_20_2.bmp,I13.BMP,0.69606
i13_20_3.bmp,I13.BMP,0.75753
i13_20_4.bmp,I13.BMP,0.72338
i13_20_5.bmp,I13.BMP,0.71575
i13_21_1.bmp,I13.BMP,0.77579
i13_21_2.bmp,I13.BMP,0.76094
i13_21_3.bmp,I13.BMP,0.69606
i13_21_4.bmp,I13.BMP,0.64237
i13_21_5.bmp,I13.BMP,0.46383
i13_22_1.bmp,I13.BMP,0.74387
i13_22_2.bmp,I13.BMP,0.65091
i13_22_3.bmp,I13.BMP,0.53563
i13_22_4.bmp,I13.BMP,0.38552
i13_22_5.bmp,I13.BMP,0.31214
i13_23_1.bmp,I13.BMP,0.77579
i13_23_2.bmp,I13.BMP,0.7391
i13_23_3.bmp,I13.BMP,0.74694
i13_23_4.bmp,I13.BMP,0.68907
i13_23_5.bmp,I13.BMP,0.71242
i13_24_1.bmp,I13.BMP,0.74577
i13_24_2.bmp,I13.BMP,0.70972
i13_24_3.bmp,I13.BMP,0.59567
i13_24_4.bmp,I13.BMP,0.51895
i13_24_5.bmp,I13.BMP,0.37845
I14_01_1.bmp,I14.BMP,0.81032
i14_01_2.bmp,I14.BMP,0.782
i14_01_3.bmp,I14.BMP,0.65052
i14_01_4.bmp,I14.BMP,0.58404
i14_01_5.bmp,I14.BMP,0.5031
i14_02_1.bmp,I14.BMP,0.82195
i14_02_2.bmp,I14.BMP,0.81388
i14_02_3.bmp,I14.BMP,0.79305
i14_02_4.bmp,I14.BMP,0.70232
i14_02_5.bmp,I14.BMP,0.61466
i14_03_1.bmp,I14.BMP,0.71029
i14_03_2.bmp,I14.BMP,0.60099
i14_03_3.bmp,I14.BMP,0.50709
i14_03_4.bmp,I14.BMP,0.40748
i14_03_5.bmp,I14.BMP,0.33738
i14_04_1.bmp,I14.BMP,0.82993
i14_04_2.bmp,I14.BMP,0.77403
i14_04_3.bmp,I14.BMP,0.75411
i14_04_4.bmp,I14.BMP,0.63322
i14_04_5.bmp,I14.BMP,0.54295
i14_05_1.bmp,I14.BMP,0.83358
i14_05_2.bmp,I14.BMP,0.76768
i14_05_3.bmp,I14.BMP,0.67841
i14_05_4.bmp,I14.BMP,0.56222
i14_05_5.bmp,I14.BMP,0.39941
i14_06_1.bmp,I14.BMP,0.69435
i14_06_2.bmp,I14.BMP,0.58677
i14_06_3.bmp,I14.BMP,0.54295
i14_06_4.bmp,I14.BMP,0.50709
i14_06_5.bmp,I14.BMP,0.41944
i14_07_1.bmp,I14.BMP,0.78599
i14_07_2.bmp,I14.BMP,0.74614
i14_07_3.bmp,I14.BMP,0.57881
i14_07_4.bmp,I14.BMP,0.48318
i14_07_5.bmp,I14.BMP,0.3839
i14_08_1.bmp,I14.BMP,0.74442
i14_08_2.bmp,I14.BMP,0.61865
i14_08_3.bmp,I14.BMP,0.46531
i14_08_4.bmp,I14.BMP,0.37227
i14_08_5.bmp,I14.BMP,0.19395
i14_09_1.bmp,I14.BMP,0.83358
i14_09_2.bmp,I14.BMP,0.81032
i14_09_3.bmp,I14.BMP,0.61068
i14_09_4.bmp,I14.BMP,0.38002
i14_09_5.bmp,I14.BMP,0.21624
i14_10_1.bmp,I14.BMP,0.79396
i14_10_2.bmp,I14.BMP,0.7063
i14_10_3.bmp,I14.BMP,0.57482
i14_10_4.bmp,I14.BMP,0.4035
i14_10_5.bmp,I14.BMP,0.23217
I14_11_1.BMP,I14.BMP,0.82195
i14_11_2.bmp,I14.BMP,0.75013
i14_11_3.bmp,I14.BMP,0.57385
i14_11_4.bmp,I14.BMP,0.40748
i14_11_5.bmp,I14.BMP,0.14964
i14_12_1.bmp,I14.BMP,0.79869
i14_12_2.bmp,I14.BMP,0.77521
i14_12_3.bmp,I14.BMP,0.54716
i14_12_4.bmp,I14.BMP,0.55835
i14_12_5.bmp,I14.BMP,0.42267
I14_13_1.BMP,I14.BMP,0.68627
i14_13_2.bmp,I14.BMP,0.61466
i14_13_3.bmp,I14.BMP,0.48469
i14_13_4.bmp,I14.BMP,0.40748
i14_13_5.bmp,I14.BMP,0.24014
i14_14_1.bmp,I14.BMP,0.83358
i14_14_2.bmp,I14.BMP,0.78319
i14_14_3.bmp,I14.BMP,0.63857
i14_14_4.bmp,I14.BMP,0.56287
i14_14_5.bmp,I14.BMP,0.4488
i14_15_1.bmp,I14.BMP,0.38778
i14_15_2.bmp,I14.BMP,0.44592
i14_15_3.bmp,I14.BMP,0.47146
i14_15_4.bmp,I14.BMP,0.48469
i14_15_5.bmp,I14.BMP,0.53509
i14_16_1.bmp,I14.BMP,0.79305
i14_16_2.bmp,I14.BMP,0.82195
i14_16_3.bmp,I14.BMP,0.72622
i14_16_4.bmp,I14.BMP,0.70699
i14_16_5.bmp,I14.BMP,0.54306
i14_17_1.bmp,I14.BMP,0.74055
i14_17_2.bmp,I14.BMP,0.88786
i14_17_3.bmp,I14.BMP,0.55888
i14_17_4.bmp,I14.BMP,0.8142
i14_17_5.bmp,I14.BMP,0.43042
i14_18_1.bmp,I14.BMP,0.73567
i14_18_2.bmp,I14.BMP,0.70232
i14_18_3.bmp,I14.BMP,0.63459
i14_18_4.bmp,I14.BMP,0.56006
i14_18_5.bmp,I14.BMP,0.5031
i14_19_1.bmp,I14.BMP,0.73567
i14_19_2.bmp,I14.BMP,0.69833
i14_19_3.bmp,I14.BMP,0.67841
i14_19_4.bmp,I14.BMP,0.52667
i14_19_5.bmp,I14.BMP,0.42831
i14_20_1.bmp,I14.BMP,0.78599
i14_20_2.bmp,I14.BMP,0.76768
i14_20_3.bmp,I14.BMP,0.74216
i14_20_4.bmp,I14.BMP,0.56685
i14_20_5.bmp,I14.BMP,0.4343
i14_21_1.bmp,I14.BMP,0.72504
i14_21_2.bmp,I14.BMP,0.7063
i14_21_3.bmp,I14.BMP,0.61649
i14_21_4.bmp,I14.BMP,0.5031
i14_21_5.bmp,I14.BMP,0.34513
i14_22_1.bmp,I14.BMP,0.74055
i14_22_2.bmp,I14.BMP,0.73567
i14_22_3.bmp,I14.BMP,0.69037
i14_22_4.bmp,I14.BMP,0.53487
i14_22_5.bmp,I14.BMP,0.43537
i14_23_1.bmp,I14.BMP,0.82981
i14_23_2.bmp,I14.BMP,0.82971
i14_23_3.bmp,I14.BMP,0.77005
i14_23_4.bmp,I14.BMP,0.6824
i14_23_5.bmp,I14.BMP,0.36366
i14_24_1.bmp,I14.BMP,0.84521
i14_24_2.bmp,I14.BMP,0.76607
i14_24_3.bmp,I14.BMP,0.60271
i14_24_4.bmp,I14.BMP,0.42267
i14_24_5.bmp,I14.BMP,0.09703
I15_01_1.bmp,I15.BMP,0.80033
i15_01_2.bmp,I15.BMP,0.69218
i15_01_3.bmp,I15.BMP,0.67602
i15_01_4.bmp,I15.BMP,0.57899
i15_01_5.bmp,I15.BMP,0.52621
i15_02_1.bmp,I15.BMP,0.83887
i15_02_2.bmp,I15.BMP,0.79975
i15_02_3.bmp,I15.BMP,0.77367
i15_02_4.bmp,I15.BMP,0.6661
i15_02_5.bmp,I15.BMP,0.63024
i15_03_1.bmp,I15.BMP,0.58566
i15_03_2.bmp,I15.BMP,0.51228
i15_03_3.bmp,I15.BMP,0.48355
i15_03_4.bmp,I15.BMP,0.42103
i15_03_5.bmp,I15.BMP,0.34216
i15_04_1.bmp,I15.BMP,0.82909
i15_04_2.bmp,I15.BMP,0.8322
i15_04_3.bmp,I15.BMP,0.80248
i15_04_4.bmp,I15.BMP,0.79396
i15_04_5.bmp,I15.BMP,0.67914
i15_05_1.bmp,I15.BMP,0.79509
i15_05_2.bmp,I15.BMP,0.77579
i15_05_3.bmp,I15.BMP,0.6987
i15_05_4.bmp,I15.BMP,0.54874
i15_05_5.bmp,I15.BMP,0.44117
i15_06_1.bmp,I15.BMP,0.6009
i15_06_2.bmp,I15.BMP,0.56446
i15_06_3.bmp,I15.BMP,0.53563
i15_06_4.bmp,I15.BMP,0.44769
i15_06_5.bmp,I15.BMP,0.42103
i15_07_1.bmp,I15.BMP,0.65571
i15_07_2.bmp,I15.BMP,0.52896
i15_07_3.bmp,I15.BMP,0.48355
i15_07_4.bmp,I15.BMP,0.38278
i15_07_5.bmp,I15.BMP,0.31584
i15_08_1.bmp,I15.BMP,0.81946
i15_08_2.bmp,I15.BMP,0.83539
i15_08_3.bmp,I15.BMP,0.70196
i15_08_4.bmp,I15.BMP,0.52918
i15_08_5.bmp,I15.BMP,0.44769
i15_09_1.bmp,I15.BMP,0.81582
i15_09_2.bmp,I15.BMP,0.76063
i15_09_3.bmp,I15.BMP,0.63903
i15_09_4.bmp,I15.BMP,0.50227
i15_09_5.bmp,I15.BMP,0.32381
i15_10_1.bmp,I15.BMP,0.79396
i15_10_2.bmp,I15.BMP,0.78345
i15_10_3.bmp,I15.BMP,0.62502
i15_10_4.bmp,I15.BMP,0.42103
i15_10_5.bmp,I15.BMP,0.23297
I15_11_1.BMP,I15.BMP,0.80352
i15_11_2.bmp,I15.BMP,0.59634
i15_11_3.bmp,I15.BMP,0.40253
i15_11_4.bmp,I15.BMP,0.2521
i15_11_5.bmp,I15.BMP,0.05863
i15_12_1.bmp,I15.BMP,0.77802
i15_12_2.bmp,I15.BMP,0.74107
i15_12_3.bmp,I15.BMP,0.57084
i15_12_4.bmp,I15.BMP,0.42422
i15_12_5.bmp,I15.BMP,0.33359
I15_13_1.BMP,I15.BMP,0.65958
i15_13_2.bmp,I15.BMP,0.50561
i15_13_3.bmp,I15.BMP,0.44556
i15_13_4.bmp,I15.BMP,0.37597
i15_13_5.bmp,I15.BMP,0.2684
i15_14_1.bmp,I15.BMP,0.76715
i15_14_2.bmp,I15.BMP,0.84814
i15_14_3.bmp,I15.BMP,0.81946
i15_14_4.bmp,I15.BMP,0.68581
i15_14_5.bmp,I15.BMP,0.50962
i15_15_1.bmp,I15.BMP,0.52266
i15_15_2.bmp,I15.BMP,0.54222
i15_15_3.bmp,I15.BMP,0.53244
i15_15_4.bmp,I15.BMP,0.55852
i15_15_5.bmp,I15.BMP,0.67588
i15_16_1.bmp,I15.BMP,0.85843
i15_16_2.bmp,I15.BMP,0.81249
i15_16_3.bmp,I15.BMP,0.74296
i15_16_4.bmp,I15.BMP,0.73781
i15_16_5.bmp,I15.BMP,0.5423
i15_17_1.bmp,I15.BMP,0.81605
i15_17_2.bmp,I15.BMP,0.92145
i15_17_3.bmp,I15.BMP,0.6824
i15_17_4.bmp,I15.BMP,0.87045
i15_17_5.bmp,I15.BMP,0.51346
i15_18_1.bmp,I15.BMP,0.70471
i15_18_2.bmp,I15.BMP,0.65571
i15_18_3.bmp,I15.BMP,0.59233
i15_18_4.bmp,I15.BMP,0.552
i15_18_5.bmp,I15.BMP,0.50561
i15_19_1.bmp,I15.BMP,0.81279
i15_19_2.bmp,I15.BMP,0.73021
i15_19_3.bmp,I15.BMP,0.64237
i15_19_4.bmp,I15.BMP,0.59233
i15_19_5.bmp,I15.BMP,0.52621
i15_20_1.bmp,I15.BMP,0.87253
i15_20_2.bmp,I15.BMP,0.77483
i15_20_3.bmp,I15.BMP,0.6457
i15_20_4.bmp,I15.BMP,0.41465
i15_20_5.bmp,I15.BMP,0.31584
i15_21_1.bmp,I15.BMP,0.71499
i15_21_2.bmp,I15.BMP,0.61865
i15_21_3.bmp,I15.BMP,0.52621
i15_21_4.bmp,I15.BMP,0.41183
i15_21_5.bmp,I15.BMP,0.29546
i15_22_1.bmp,I15.BMP,0.87364
i15_22_2.bmp,I15.BMP,0.79714
i15_22_3.bmp,I15.BMP,0.73781
i15_22_4.bmp,I15.BMP,0.60909
i15_22_5.bmp,I15.BMP,0.49753
i15_23_1.bmp,I15.BMP,0.81279
i15_23_2.bmp,I15.BMP,0.81279
i15_23_3.bmp,I15.BMP,0.73455
i15_23_4.bmp,I15.BMP,0.60742
i15_23_5.bmp,I15.BMP,0.4489
i15_24_1.bmp,I15.BMP,0.79323
i15_24_2.bmp,I15.BMP,0.65571
i15_24_3.bmp,I15.BMP,0.42813
i15_24_4.bmp,I15.BMP,0.2358
i15_24_5.bmp,I15.BMP,0.06954
I16_01_1.bmp,I16.BMP,0.77066
i16_01_2.bmp,I16.BMP,0.77563
i16_01_3.bmp,I16.BMP,0.68617
i16_01_4.bmp,I16.BMP,0.56103
i16_01_5.bmp,I16.BMP,0.53161
i16_02_1.bmp,I16.BMP,0.81149
i16_02_2.bmp,I16.BMP,0.84735
i16_02_3.bmp,I16.BMP,0.76487
i16_02_4.bmp,I16.BMP,0.71108
i16_02_5.bmp,I16.BMP,0.62723
i16_03_1.bmp,I16.BMP,0.64562
i16_03_2.bmp,I16.BMP,0.55029
i16_03_3.bmp,I16.BMP,0.49483
i16_03_4.bmp,I16.BMP,0.4295
i16_03_5.bmp,I16.BMP,0.36611
i16_04_1.bmp,I16.BMP,0.80073
i16_04_2.bmp,I16.BMP,0.80009
i16_04_3.bmp,I16.BMP,0.78997
i16_04_4.bmp,I16.BMP,0.70079
i16_04_5.bmp,I16.BMP,0.62723
i16_05_1.bmp,I16.BMP,0.79714
i16_05_2.bmp,I16.BMP,0.77066
i16_05_3.bmp,I16.BMP,0.7155
i16_05_4.bmp,I16.BMP,0.58916
i16_05_5.bmp,I16.BMP,0.45215
i16_06_1.bmp,I16.BMP,0.72285
i16_06_2.bmp,I16.BMP,0.65665
i16_06_3.bmp,I16.BMP,0.6162
i16_06_4.bmp,I16.BMP,0.53519
i16_06_5.bmp,I16.BMP,0.48012
i16_07_1.bmp,I16.BMP,0.75053
i16_07_2.bmp,I16.BMP,0.64654
i16_07_3.bmp,I16.BMP,0.58916
i16_07_4.bmp,I16.BMP,0.49115
i16_07_5.bmp,I16.BMP,0.41024
i16_08_1.bmp,I16.BMP,0.80009
i16_08_2.bmp,I16.BMP,0.71467
i16_08_3.bmp,I16.BMP,0.57841
i16_08_4.bmp,I16.BMP,0.4838
i16_08_5.bmp,I16.BMP,0.38477
i16_09_1.bmp,I16.BMP,0.82951
i16_09_2.bmp,I16.BMP,0.79273
i16_09_3.bmp,I16.BMP,0.62355
i16_09_4.bmp,I16.BMP,0.41392
i16_09_5.bmp,I16.BMP,0.30117
i16_10_1.bmp,I16.BMP,0.81149
i16_10_2.bmp,I16.BMP,0.79273
i16_10_3.bmp,I16.BMP,0.71917
i16_10_4.bmp,I16.BMP,0.4838
i16_10_5.bmp,I16.BMP,0.3183
I16_11_1.BMP,I16.BMP,0.8079
i16_11_2.bmp,I16.BMP,0.69315
i16_11_3.bmp,I16.BMP,0.38082
i16_11_4.bmp,I16.BMP,0.26285
i16_11_5.bmp,I16.BMP,0.10149
i16_12_1.bmp,I16.BMP,0.8079
i16_12_2.bmp,I16.BMP,0.76487
i16_12_3.bmp,I16.BMP,0.67164
i16_12_4.bmp,I16.BMP,0.43598
i16_12_5.bmp,I16.BMP,0.33816
I16_13_1.BMP,I16.BMP,0.62502
i16_13_2.bmp,I16.BMP,0.51254
i16_13_3.bmp,I16.BMP,0.60516
i16_13_4.bmp,I16.BMP,0.40288
i16_13_5.bmp,I16.BMP,0.48518
i16_14_1.bmp,I16.BMP,0.79273
i16_14_2.bmp,I16.BMP,0.8447
i16_14_3.bmp,I16.BMP,0.77066
i16_14_4.bmp,I16.BMP,0.75789
i16_14_5.bmp,I16.BMP,0.62144
i16_15_1.bmp,I16.BMP,0.45437
i16_15_2.bmp,I16.BMP,0.47276
i16_15_3.bmp,I16.BMP,0.46366
i16_15_4.bmp,I16.BMP,0.48876
i16_15_5.bmp,I16.BMP,0.54274
i16_16_1.bmp,I16.BMP,0.8148
i16_16_2.bmp,I16.BMP,0.86527
i16_16_3.bmp,I16.BMP,0.78054
i16_16_4.bmp,I16.BMP,0.78997
i16_16_5.bmp,I16.BMP,0.62723
i16_17_1.bmp,I16.BMP,0.80073
i16_17_2.bmp,I16.BMP,0.98361
i16_17_3.bmp,I16.BMP,0.64654
i16_17_4.bmp,I16.BMP,0.91906
i16_17_5.bmp,I16.BMP,0.44702
i16_18_1.bmp,I16.BMP,0.62502
i16_18_2.bmp,I16.BMP,0.59558
i16_18_3.bmp,I16.BMP,0.54613
i16_18_4.bmp,I16.BMP,0.52793
i16_18_5.bmp,I16.BMP,0.53141
i16_19_1.bmp,I16.BMP,0.76487
i16_19_2.bmp,I16.BMP,0.73618
i16_19_3.bmp,I16.BMP,0.62723
i16_19_4.bmp,I16.BMP,0.56103
i16_19_5.bmp,I16.BMP,0.49115
i16_20_1.bmp,I16.BMP,0.83686
i16_20_2.bmp,I16.BMP,0.78905
i16_20_3.bmp,I16.BMP,0.70882
i16_20_4.bmp,I16.BMP,0.55689
i16_20_5.bmp,I16.BMP,0.48012
i16_21_1.bmp,I16.BMP,0.80073
i16_21_2.bmp,I16.BMP,0.7486
i16_21_3.bmp,I16.BMP,0.57574
i16_21_4.bmp,I16.BMP,0.50586
i16_21_5.bmp,I16.BMP,0.23003
i16_22_1.bmp,I16.BMP,0.77066
i16_22_2.bmp,I16.BMP,0.7326
i16_22_3.bmp,I16.BMP,0.67464
i16_22_4.bmp,I16.BMP,0.53519
i16_22_5.bmp,I16.BMP,0.36326
i16_23_1.bmp,I16.BMP,0.84376
i16_23_2.bmp,I16.BMP,0.6573
i16_23_3.bmp,I16.BMP,0.3525
i16_23_4.bmp,I16.BMP,0.27474
i16_23_5.bmp,I16.BMP,0.18415
i16_24_1.bmp,I16.BMP,0.73524
i16_24_2.bmp,I16.BMP,0.54651
i16_24_3.bmp,I16.BMP,0.34404
i16_24_4.bmp,I16.BMP,0.22945
i16_24_5.bmp,I16.BMP,0.10498
I17_01_1.bmp,I17.BMP,0.81032
i17_01_2.bmp,I17.BMP,0.71259
i17_01_3.bmp,I17.BMP,0.68975
i17_01_4.bmp,I17.BMP,0.59413
i17_01_5.bmp,I17.BMP,0.52057
i17_02_1.bmp,I17.BMP,0.78997
i17_02_2.bmp,I17.BMP,0.82583
i17_02_3.bmp,I17.BMP,0.80073
i17_02_4.bmp,I17.BMP,0.72184
i17_02_5.bmp,I17.BMP,0.60884
i17_03_1.bmp,I17.BMP,0.67862
i17_03_2.bmp,I17.BMP,0.60149
i17_03_3.bmp,I17.BMP,0.51322
i17_03_4.bmp,I17.BMP,0.44573
i17_03_5.bmp,I17.BMP,0.38082
i17_04_1.bmp,I17.BMP,0.79273
i17_04_2.bmp,I17.BMP,0.82205
i17_04_3.bmp,I17.BMP,0.73021
i17_04_4.bmp,I17.BMP,0.71637
i17_04_5.bmp,I17.BMP,0.64465
i17_05_1.bmp,I17.BMP,0.80073
i17_05_2.bmp,I17.BMP,0.81507
i17_05_3.bmp,I17.BMP,0.71637
i17_05_4.bmp,I17.BMP,0.56471
i17_05_5.bmp,I17.BMP,0.4446
i17_06_1.bmp,I17.BMP,0.57293
i17_06_2.bmp,I17.BMP,0.60099
i17_06_3.bmp,I17.BMP,0.53896
i17_06_4.bmp,I17.BMP,0.47442
i17_06_5.bmp,I17.BMP,0.43966
i17_07_1.bmp,I17.BMP,0.78537
i17_07_2.bmp,I17.BMP,0.63333
i17_07_3.bmp,I17.BMP,0.52425
i17_07_4.bmp,I17.BMP,0.42495
i17_07_5.bmp,I17.BMP,0.32004
i17_08_1.bmp,I17.BMP,0.78905
i17_08_2.bmp,I17.BMP,0.71467
i17_08_3.bmp,I17.BMP,0.62144
i17_08_4.bmp,I17.BMP,0.49851
i17_08_5.bmp,I17.BMP,0.38836
i17_09_1.bmp,I17.BMP,0.82942
i17_09_2.bmp,I17.BMP,0.84093
i17_09_3.bmp,I17.BMP,0.68598
i17_09_4.bmp,I17.BMP,0.51322
i17_09_5.bmp,I17.BMP,0.318
i17_10_1.bmp,I17.BMP,0.83319
i17_10_2.bmp,I17.BMP,0.81507
i17_10_3.bmp,I17.BMP,0.70446
i17_10_4.bmp,I17.BMP,0.45649
i17_10_5.bmp,I17.BMP,0.28795
I17_11_1.BMP,I17.BMP,0.76331
i17_11_2.bmp,I17.BMP,0.74492
i17_11_3.bmp,I17.BMP,0.5169
i17_11_4.bmp,I17.BMP,0.36243
i17_11_5.bmp,I17.BMP,0.11225
i17_12_1.bmp,I17.BMP,0.8079
i17_12_2.bmp,I17.BMP,0.8148
i17_12_3.bmp,I17.BMP,0.69343
i17_12_4.bmp,I17.BMP,0.52821
i17_12_5.bmp,I17.BMP,0.32197
I17_13_1.BMP,I17.BMP,0.70391
i17_13_2.bmp,I17.BMP,0.60351
i17_13_3.bmp,I17.BMP,0.43328
i17_13_4.bmp,I17.BMP,0.31306
i17_13_5.bmp,I17.BMP,0.30494
i17_14_1.bmp,I17.BMP,0.8079
i17_14_2.bmp,I17.BMP,0.79641
i17_14_3.bmp,I17.BMP,0.75789
i17_14_4.bmp,I17.BMP,0.59045
i17_14_5.bmp,I17.BMP,0.47083
i17_15_1.bmp,I17.BMP,0.47442
i17_15_2.bmp,I17.BMP,0.45437
i17_15_3.bmp,I17.BMP,0.43231
i17_15_4.bmp,I17.BMP,0.48518
i17_15_5.bmp,I17.BMP,0.53896
i17_16_1.bmp,I17.BMP,0.81507
i17_16_2.bmp,I17.BMP,0.82942
i17_16_3.bmp,I17.BMP,0.76544
i17_16_4.bmp,I17.BMP,0.70504
i17_16_5.bmp,I17.BMP,0.56471
i17_17_1.bmp,I17.BMP,0.76487
i17_17_2.bmp,I17.BMP,0.91548
i17_17_3.bmp,I17.BMP,0.60884
i17_17_4.bmp,I17.BMP,0.98361
i17_17_5.bmp,I17.BMP,0.44837
i17_18_1.bmp,I17.BMP,0.61785
i17_18_2.bmp,I17.BMP,0.55
i17_18_3.bmp,I17.BMP,0.55735
i17_18_4.bmp,I17.BMP,0.51322
i17_18_5.bmp,I17.BMP,0.49851
i17_19_1.bmp,I17.BMP,0.78639
i17_19_2.bmp,I17.BMP,0.73021
i17_19_3.bmp,I17.BMP,0.6493
i17_19_4.bmp,I17.BMP,0.5831
i17_19_5.bmp,I17.BMP,0.52793
i17_20_1.bmp,I17.BMP,0.78997
i17_20_2.bmp,I17.BMP,0.74694
i17_20_3.bmp,I17.BMP,0.66352
i17_20_4.bmp,I17.BMP,0.59181
i17_20_5.bmp,I17.BMP,0.37615
i17_21_1.bmp,I17.BMP,0.74336
i17_21_2.bmp,I17.BMP,0.65297
i17_21_3.bmp,I17.BMP,0.57482
i17_21_4.bmp,I17.BMP,0.4507
i17_21_5.bmp,I17.BMP,0.32759
i17_22_1.bmp,I17.BMP,0.82224
i17_22_2.bmp,I17.BMP,0.77066
i17_22_3.bmp,I17.BMP,0.58803
i17_22_4.bmp,I17.BMP,0.48012
i17_22_5.bmp,I17.BMP,0.38082
i17_23_1.bmp,I17.BMP,0.81149
i17_23_2.bmp,I17.BMP,0.81149
i17_23_3.bmp,I17.BMP,0.61987
i17_23_4.bmp,I17.BMP,0.4176
i17_23_5.bmp,I17.BMP,0.24106
i17_24_1.bmp,I17.BMP,0.833
i17_24_2.bmp,I17.BMP,0.7577
i17_24_3.bmp,I17.BMP,0.53519
i17_24_4.bmp,I17.BMP,0.25577
i17_24_5.bmp,I17.BMP,0.0143
I18_01_1.bmp,I18.BMP,0.78143
i18_01_2.bmp,I18.BMP,0.74187
i18_01_3.bmp,I18.BMP,0.66088
i18_01_4.bmp,I18.BMP,0.60543
i18_01_5.bmp,I18.BMP,0.53896
i18_02_1.bmp,I18.BMP,0.81883
i18_02_2.bmp,I18.BMP,0.80875
i18_02_3.bmp,I18.BMP,0.78826
i18_02_4.bmp,I18.BMP,0.62992
i18_02_5.bmp,I18.BMP,0.57395
i18_03_1.bmp,I18.BMP,0.67898
i18_03_2.bmp,I18.BMP,0.61785
i18_03_3.bmp,I18.BMP,0.5014
i18_03_4.bmp,I18.BMP,0.41261
i18_03_5.bmp,I18.BMP,0.33064
i18_04_1.bmp,I18.BMP,0.85093
i18_04_2.bmp,I18.BMP,0.80875
i18_04_3.bmp,I18.BMP,0.80834
i18_04_4.bmp,I18.BMP,0.72788
i18_04_5.bmp,I18.BMP,0.58794
i18_05_1.bmp,I18.BMP,0.86081
i18_05_2.bmp,I18.BMP,0.76986
i18_05_3.bmp,I18.BMP,0.70688
i18_05_4.bmp,I18.BMP,0.53896
i18_05_5.bmp,I18.BMP,0.41346
i18_06_1.bmp,I18.BMP,0.62093
i18_06_2.bmp,I18.BMP,0.56048
i18_06_3.bmp,I18.BMP,0.51164
i18_06_4.bmp,I18.BMP,0.50048
i18_06_5.bmp,I18.BMP,0.42352
i18_07_1.bmp,I18.BMP,0.76436
i18_07_2.bmp,I18.BMP,0.67215
i18_07_3.bmp,I18.BMP,0.5697
i18_07_4.bmp,I18.BMP,0.45359
i18_07_5.bmp,I18.BMP,0.39553
i18_08_1.bmp,I18.BMP,0.78143
i18_08_2.bmp,I18.BMP,0.63342
i18_08_3.bmp,I18.BMP,0.55945
i18_08_4.bmp,I18.BMP,0.40236
i18_08_5.bmp,I18.BMP,0.25909
i18_09_1.bmp,I18.BMP,0.82933
i18_09_2.bmp,I18.BMP,0.80875
i18_09_3.bmp,I18.BMP,0.57653
i18_09_4.bmp,I18.BMP,0.39903
i18_09_5.bmp,I18.BMP,0.21012
i18_10_1.bmp,I18.BMP,0.83633
i18_10_2.bmp,I18.BMP,0.79434
i18_10_3.bmp,I18.BMP,0.63578
i18_10_4.bmp,I18.BMP,0.46725
i18_10_5.bmp,I18.BMP,0.27658
I18_11_1.BMP,I18.BMP,0.79784
i18_11_2.bmp,I18.BMP,0.75411
i18_11_3.bmp,I18.BMP,0.61243
i18_11_4.bmp,I18.BMP,0.40577
i18_11_5.bmp,I18.BMP,0.10866
i18_12_1.bmp,I18.BMP,0.87706
i18_12_2.bmp,I18.BMP,0.73487
i18_12_3.bmp,I18.BMP,0.76286
i18_12_4.bmp,I18.BMP,0.67164
i18_12_5.bmp,I18.BMP,0.34655
I18_13_1.BMP,I18.BMP,0.55995
i18_13_2.bmp,I18.BMP,0.59019
i18_13_3.bmp,I18.BMP,0.52189
i18_13_4.bmp,I18.BMP,0.38154
i18_13_5.bmp,I18.BMP,0.31856
i18_14_1.bmp,I18.BMP,0.6754
i18_14_2.bmp,I18.BMP,0.82583
i18_14_3.bmp,I18.BMP,0.56695
i18_14_4.bmp,I18.BMP,0.56287
i18_14_5.bmp,I18.BMP,0.44451
i18_15_1.bmp,I18.BMP,0.42701
i18_15_2.bmp,I18.BMP,0.44451
i18_15_3.bmp,I18.BMP,0.42422
i18_15_4.bmp,I18.BMP,0.47083
i18_15_5.bmp,I18.BMP,0.53213
i18_16_1.bmp,I18.BMP,0.8853
i18_16_2.bmp,I18.BMP,0.819
i18_16_3.bmp,I18.BMP,0.78143
i18_16_4.bmp,I18.BMP,0.6824
i18_16_5.bmp,I18.BMP,0.57574
i18_17_1.bmp,I18.BMP,0.81558
i18_17_2.bmp,I18.BMP,0.83982
i18_17_3.bmp,I18.BMP,0.59843
i18_17_4.bmp,I18.BMP,0.81217
i18_17_5.bmp,I18.BMP,0.4655
i18_18_1.bmp,I18.BMP,0.68589
i18_18_2.bmp,I18.BMP,0.65371
i18_18_3.bmp,I18.BMP,0.59019
i18_18_4.bmp,I18.BMP,0.54921
i18_18_5.bmp,I18.BMP,0.55262
i18_19_1.bmp,I18.BMP,0.70289
i18_19_2.bmp,I18.BMP,0.69264
i18_19_3.bmp,I18.BMP,0.59275
i18_19_4.bmp,I18.BMP,0.51797
i18_19_5.bmp,I18.BMP,0.49698
i18_20_1.bmp,I18.BMP,0.84974
i18_20_2.bmp,I18.BMP,0.76436
i18_20_3.bmp,I18.BMP,0.73487
i18_20_4.bmp,I18.BMP,0.59144
i18_20_5.bmp,I18.BMP,0.44215
i18_21_1.bmp,I18.BMP,0.75753
i18_21_2.bmp,I18.BMP,0.73137
i18_21_3.bmp,I18.BMP,0.61068
i18_21_4.bmp,I18.BMP,0.43309
i18_21_5.bmp,I18.BMP,0.29757
i18_22_1.bmp,I18.BMP,0.78485
i18_22_2.bmp,I18.BMP,0.59702
i18_22_3.bmp,I18.BMP,0.49348
i18_22_4.bmp,I18.BMP,0.3887
i18_22_5.bmp,I18.BMP,0.29991
i18_23_1.bmp,I18.BMP,0.87023
i18_23_2.bmp,I18.BMP,0.85315
i18_23_3.bmp,I18.BMP,0.83659
i18_23_4.bmp,I18.BMP,0.81558
i18_23_5.bmp,I18.BMP,0.53896
i18_24_1.bmp,I18.BMP,0.81184
i18_24_2.bmp,I18.BMP,0.76777
i18_24_3.bmp,I18.BMP,0.62292
i18_24_4.bmp,I18.BMP,0.42701
i18_24_5.bmp,I18.BMP,0.11208
I19_01_1.bmp,I19.BMP,0.78706
i19_01_2.bmp,I19.BMP,0.6979
i19_01_3.bmp,I19.BMP,0.62578
i19_01_4.bmp,I19.BMP,0.55835
i19_01_5.bmp,I19.BMP,0.47694
i19_02_1.bmp,I19.BMP,0.83746
i19_02_2.bmp,I19.BMP,0.77543
i19_02_3.bmp,I19.BMP,0.76544
i19_02_4.bmp,I19.BMP,0.6824
i19_02_5.bmp,I19.BMP,0.6067
i19_03_1.bmp,I19.BMP,0.63459
i19_03_2.bmp,I19.BMP,0.54672
i19_03_3.bmp,I19.BMP,0.48612
i19_03_4.bmp,I19.BMP,0.39553
i19_03_5.bmp,I19.BMP,0.32759
i19_04_1.bmp,I19.BMP,0.81073
i19_04_2.bmp,I19.BMP,0.81808
i19_04_3.bmp,I19.BMP,0.81073
i19_04_4.bmp,I19.BMP,0.71729
i19_04_5.bmp,I19.BMP,0.60874
i19_05_1.bmp,I19.BMP,0.82205
i19_05_2.bmp,I19.BMP,0.75411
i19_05_3.bmp,I19.BMP,0.69372
i19_05_4.bmp,I19.BMP,0.53896
i19_05_5.bmp,I19.BMP,0.42195
i19_06_1.bmp,I19.BMP,0.64465
i19_06_2.bmp,I19.BMP,0.632
i19_06_3.bmp,I19.BMP,0.52009
i19_06_4.bmp,I19.BMP,0.47694
i19_06_5.bmp,I19.BMP,0.42267
i19_07_1.bmp,I19.BMP,0.73667
i19_07_2.bmp,I19.BMP,0.63588
i19_07_3.bmp,I19.BMP,0.52303
i19_07_4.bmp,I19.BMP,0.42342
i19_07_5.bmp,I19.BMP,0.33891
i19_08_1.bmp,I19.BMP,0.73279
i19_08_2.bmp,I19.BMP,0.63975
i19_08_3.bmp,I19.BMP,0.50499
i19_08_4.bmp,I19.BMP,0.38002
i19_08_5.bmp,I19.BMP,0.29086
i19_09_1.bmp,I19.BMP,0.83746
i19_09_2.bmp,I19.BMP,0.81073
i19_09_3.bmp,I19.BMP,0.66352
i19_09_4.bmp,I19.BMP,0.4343
i19_09_5.bmp,I19.BMP,0.23271
i19_10_1.bmp,I19.BMP,0.78808
i19_10_2.bmp,I19.BMP,0.75013
i19_10_3.bmp,I19.BMP,0.66248
i19_10_4.bmp,I19.BMP,0.39553
i19_10_5.bmp,I19.BMP,0.20303
I19_11_1.BMP,I19.BMP,0.75789
i19_11_2.bmp,I19.BMP,0.67862
i19_11_3.bmp,I19.BMP,0.61445
i19_11_4.bmp,I19.BMP,0.38778
i19_11_5.bmp,I19.BMP,0.14263
i19_12_1.bmp,I19.BMP,0.8447
i19_12_2.bmp,I19.BMP,0.76768
i19_12_3.bmp,I19.BMP,0.70882
i19_12_4.bmp,I19.BMP,0.69403
i19_12_5.bmp,I19.BMP,0.61466
I19_13_1.BMP,I19.BMP,0.63588
i19_13_2.bmp,I19.BMP,0.54651
i19_13_3.bmp,I19.BMP,0.48469
i19_13_4.bmp,I19.BMP,0.40685
i19_13_5.bmp,I19.BMP,0.24455
i19_14_1.bmp,I19.BMP,0.77005
i19_14_2.bmp,I19.BMP,0.82961
i19_14_3.bmp,I19.BMP,0.7483
i19_14_4.bmp,I19.BMP,0.67107
i19_14_5.bmp,I19.BMP,0.48857
i19_15_1.bmp,I19.BMP,0.37959
i19_15_2.bmp,I19.BMP,0.43537
i19_15_3.bmp,I19.BMP,0.46918
i19_15_4.bmp,I19.BMP,0.49367
i19_15_5.bmp,I19.BMP,0.47306
i19_16_1.bmp,I19.BMP,0.8447
i19_16_2.bmp,I19.BMP,0.86358
i19_16_3.bmp,I19.BMP,0.72392
i19_16_4.bmp,I19.BMP,0.80318
i19_16_5.bmp,I19.BMP,0.59873
i19_17_1.bmp,I19.BMP,0.75034
i19_17_2.bmp,I19.BMP,0.85297
i19_17_3.bmp,I19.BMP,0.60099
i19_17_4.bmp,I19.BMP,0.79094
i19_17_5.bmp,I19.BMP,0.4446
i19_18_1.bmp,I19.BMP,0.70178
i19_18_2.bmp,I19.BMP,0.59474
i19_18_3.bmp,I19.BMP,0.57385
i19_18_4.bmp,I19.BMP,0.55059
i19_18_5.bmp,I19.BMP,0.54672
i19_19_1.bmp,I19.BMP,0.75993
i19_19_2.bmp,I19.BMP,0.67852
i19_19_3.bmp,I19.BMP,0.61865
i19_19_4.bmp,I19.BMP,0.58404
i19_19_5.bmp,I19.BMP,0.47522
i19_20_1.bmp,I19.BMP,0.78319
i19_20_2.bmp,I19.BMP,0.78431
i19_20_3.bmp,I19.BMP,0.70953
i19_20_4.bmp,I19.BMP,0.55888
i19_20_5.bmp,I19.BMP,0.40308
i19_21_1.bmp,I19.BMP,0.74055
i19_21_2.bmp,I19.BMP,0.70566
i19_21_3.bmp,I19.BMP,0.55059
i19_21_4.bmp,I19.BMP,0.47694
i19_21_5.bmp,I19.BMP,0.28795
i19_22_1.bmp,I19.BMP,0.78808
i19_22_2.bmp,I19.BMP,0.72891
i19_22_3.bmp,I19.BMP,0.59634
i19_22_4.bmp,I19.BMP,0.53141
i19_22_5.bmp,I19.BMP,0.36064
i19_23_1.bmp,I19.BMP,0.80696
i19_23_2.bmp,I19.BMP,0.86735
i19_23_3.bmp,I19.BMP,0.79094
i19_23_4.bmp,I19.BMP,0.79186
i19_23_5.bmp,I19.BMP,0.71341
i19_24_1.bmp,I19.BMP,0.7483
i19_24_2.bmp,I19.BMP,0.63975
i19_24_3.bmp,I19.BMP,0.48717
i19_24_4.bmp,I19.BMP,0.32381
i19_24_5.bmp,I19.BMP,0.07679
I20_01_1.bmp,I20.BMP,0.79273
i20_01_2.bmp,I20.BMP,0.75595
i20_01_3.bmp,I20.BMP,0.67107
i20_01_4.bmp,I20.BMP,0.60149
i20_01_5.bmp,I20.BMP,0.50795
i20_02_1.bmp,I20.BMP,0.80318
i20_02_2.bmp,I20.BMP,0.79641
i20_02_3.bmp,I20.BMP,0.75605
i20_02_4.bmp,I20.BMP,0.72285
i20_02_5.bmp,I20.BMP,0.60884
i20_03_1.bmp,I20.BMP,0.67485
i20_03_2.bmp,I20.BMP,0.56916
i20_03_3.bmp,I20.BMP,0.51183
i20_03_4.bmp,I20.BMP,0.41392
i20_03_5.bmp,I20.BMP,0.34646
i20_04_1.bmp,I20.BMP,0.78431
i20_04_2.bmp,I20.BMP,0.75034
i20_04_3.bmp,I20.BMP,0.70504
i20_04_4.bmp,I20.BMP,0.64363
i20_04_5.bmp,I20.BMP,0.54672
i20_05_1.bmp,I20.BMP,0.82961
i20_05_2.bmp,I20.BMP,0.79186
i20_05_3.bmp,I20.BMP,0.73902
i20_05_4.bmp,I20.BMP,0.57206
i20_05_5.bmp,I20.BMP,0.38421
i20_06_1.bmp,I20.BMP,0.67862
i20_06_2.bmp,I20.BMP,0.55888
i20_06_3.bmp,I20.BMP,0.53141
i20_06_4.bmp,I20.BMP,0.45805
i20_06_5.bmp,I20.BMP,0.41024
i20_07_1.bmp,I20.BMP,0.72285
i20_07_2.bmp,I20.BMP,0.64363
i20_07_3.bmp,I20.BMP,0.6069
i20_07_4.bmp,I20.BMP,0.50122
i20_07_5.bmp,I20.BMP,0.43598
i20_08_1.bmp,I20.BMP,0.77676
i20_08_2.bmp,I20.BMP,0.72504
i20_08_3.bmp,I20.BMP,0.54295
i20_08_4.bmp,I20.BMP,0.45592
i20_08_5.bmp,I20.BMP,0.33668
i20_09_1.bmp,I20.BMP,0.86358
i20_09_2.bmp,I20.BMP,0.8447
i20_09_3.bmp,I20.BMP,0.73021
i20_09_4.bmp,I20.BMP,0.50407
i20_09_5.bmp,I20.BMP,0.28311
i20_10_1.bmp,I20.BMP,0.8447
i20_10_2.bmp,I20.BMP,0.78808
i20_10_3.bmp,I20.BMP,0.67443
i20_10_4.bmp,I20.BMP,0.47857
i20_10_5.bmp,I20.BMP,0.35875
I20_11_1.BMP,I20.BMP,0.76544
i20_11_2.bmp,I20.BMP,0.65975
i20_11_3.bmp,I20.BMP,0.45755
i20_11_4.bmp,I20.BMP,0.25964
i20_11_5.bmp,I20.BMP,0.07188
i20_12_1.bmp,I20.BMP,0.84422
i20_12_2.bmp,I20.BMP,0.72653
i20_12_3.bmp,I20.BMP,0.60313
i20_12_4.bmp,I20.BMP,0.57574
i20_12_5.bmp,I20.BMP,0.33514
I20_13_1.BMP,I20.BMP,0.70446
i20_13_2.bmp,I20.BMP,0.50877
i20_13_3.bmp,I20.BMP,0.51322
i20_13_4.bmp,I20.BMP,0.38002
i20_13_5.bmp,I20.BMP,0.25597
i20_14_1.bmp,I20.BMP,0.82961
i20_14_2.bmp,I20.BMP,0.80318
i20_14_3.bmp,I20.BMP,0.61823
i20_14_4.bmp,I20.BMP,0.55735
i20_14_5.bmp,I20.BMP,0.44837
i20_15_1.bmp,I20.BMP,0.42863
i20_15_2.bmp,I20.BMP,0.4446
i20_15_3.bmp,I20.BMP,0.49483
i20_15_4.bmp,I20.BMP,0.52425
i20_15_5.bmp,I20.BMP,0.54632
i20_16_1.bmp,I20.BMP,0.83319
i20_16_2.bmp,I20.BMP,0.83358
i20_16_3.bmp,I20.BMP,0.74055
i20_16_4.bmp,I20.BMP,0.70178
i20_16_5.bmp,I20.BMP,0.64194
i20_17_1.bmp,I20.BMP,0.77066
i20_17_2.bmp,I20.BMP,0.87364
i20_17_3.bmp,I20.BMP,0.58548
i20_17_4.bmp,I20.BMP,0.80744
i20_17_5.bmp,I20.BMP,0.47276
i20_18_1.bmp,I20.BMP,0.77066
i20_18_2.bmp,I20.BMP,0.71637
i20_18_3.bmp,I20.BMP,0.61068
i20_18_4.bmp,I20.BMP,0.55835
i20_18_5.bmp,I20.BMP,0.55406
i20_19_1.bmp,I20.BMP,0.80009
i20_19_2.bmp,I20.BMP,0.70814
i20_19_3.bmp,I20.BMP,0.65297
i20_19_4.bmp,I20.BMP,0.53896
i20_19_5.bmp,I20.BMP,0.46173
i20_20_1.bmp,I20.BMP,0.84848
i20_20_2.bmp,I20.BMP,0.7486
i20_20_3.bmp,I20.BMP,0.6522
i20_20_4.bmp,I20.BMP,0.47102
i20_20_5.bmp,I20.BMP,0.35507
i20_21_1.bmp,I20.BMP,0.76166
i20_21_2.bmp,I20.BMP,0.64843
i20_21_3.bmp,I20.BMP,0.53896
i20_21_4.bmp,I20.BMP,0.43042
i20_21_5.bmp,I20.BMP,0.33514
i20_22_1.bmp,I20.BMP,0.82583
i20_22_2.bmp,I20.BMP,0.69749
i20_22_3.bmp,I20.BMP,0.61445
i20_22_4.bmp,I20.BMP,0.55447
i20_22_5.bmp,I20.BMP,0.5002
i20_23_1.bmp,I20.BMP,0.81847
i20_23_2.bmp,I20.BMP,0.86261
i20_23_3.bmp,I20.BMP,0.80009
i20_23_4.bmp,I20.BMP,0.64363
i20_23_5.bmp,I20.BMP,0.4176
i20_24_1.bmp,I20.BMP,0.85225
i20_24_2.bmp,I20.BMP,0.69372
i20_24_3.bmp,I20.BMP,0.45755
i20_24_4.bmp,I20.BMP,0.24842
i20_24_5.bmp,I20.BMP,0.08602
I21_01_1.bmp,I21.BMP,0.75578
i21_01_2.bmp,I21.BMP,0.6924
i21_01_3.bmp,I21.BMP,0.60901
i21_01_4.bmp,I21.BMP,0.52562
i21_01_5.bmp,I21.BMP,0.46558
i21_02_1.bmp,I21.BMP,0.79851
i21_02_2.bmp,I21.BMP,0.75912
i21_02_3.bmp,I21.BMP,0.74577
i21_02_4.bmp,I21.BMP,0.65571
i21_02_5.bmp,I21.BMP,0.56048
i21_03_1.bmp,I21.BMP,0.59567
i21_03_2.bmp,I21.BMP,0.52847
i21_03_3.bmp,I21.BMP,0.41944
i21_03_4.bmp,I21.BMP,0.40554
i21_03_5.bmp,I21.BMP,0.33215
i21_04_1.bmp,I21.BMP,0.81582
i21_04_2.bmp,I21.BMP,0.82917
i21_04_3.bmp,I21.BMP,0.74887
i21_04_4.bmp,I21.BMP,0.73021
i21_04_5.bmp,I21.BMP,0.63219
i21_05_1.bmp,I21.BMP,0.78247
i21_05_2.bmp,I21.BMP,0.81249
i21_05_3.bmp,I21.BMP,0.69907
i21_05_4.bmp,I21.BMP,0.52872
i21_05_5.bmp,I21.BMP,0.39553
i21_06_1.bmp,I21.BMP,0.6719
i21_06_2.bmp,I21.BMP,0.5936
i21_06_3.bmp,I21.BMP,0.54246
i21_06_4.bmp,I21.BMP,0.46725
i21_06_5.bmp,I21.BMP,0.40236
i21_07_1.bmp,I21.BMP,0.68589
i21_07_2.bmp,I21.BMP,0.60351
i21_07_3.bmp,I21.BMP,0.56287
i21_07_4.bmp,I21.BMP,0.48091
i21_07_5.bmp,I21.BMP,0.41944
i21_08_1.bmp,I21.BMP,0.75411
i21_08_2.bmp,I21.BMP,0.66191
i21_08_3.bmp,I21.BMP,0.55564
i21_08_4.bmp,I21.BMP,0.42889
i21_08_5.bmp,I21.BMP,0.27545
i21_09_1.bmp,I21.BMP,0.83659
i21_09_2.bmp,I21.BMP,0.85315
i21_09_3.bmp,I21.BMP,0.72679
i21_09_4.bmp,I21.BMP,0.50561
i21_09_5.bmp,I21.BMP,0.26544
i21_10_1.bmp,I21.BMP,0.87023
i21_10_2.bmp,I21.BMP,0.80875
i21_10_3.bmp,I21.BMP,0.70241
i21_10_4.bmp,I21.BMP,0.43309
i21_10_5.bmp,I21.BMP,0.2416
I21_11_1.BMP,I21.BMP,0.84332
i21_11_2.bmp,I21.BMP,0.7391
i21_11_3.bmp,I21.BMP,0.638
i21_11_4.bmp,I21.BMP,0.39553
i21_11_5.bmp,I21.BMP,0.11533
i21_12_1.bmp,I21.BMP,0.79581
i21_12_2.bmp,I21.BMP,0.64904
i21_12_3.bmp,I21.BMP,0.82583
i21_12_4.bmp,I21.BMP,0.77119
i21_12_5.bmp,I21.BMP,0.25551
I21_13_1.BMP,I21.BMP,0.60385
i21_13_2.bmp,I21.BMP,0.49457
i21_13_3.bmp,I21.BMP,0.42002
i21_13_4.bmp,I21.BMP,0.30213
i21_13_5.bmp,I21.BMP,0.33215
i21_14_1.bmp,I21.BMP,0.81249
i21_14_2.bmp,I21.BMP,0.85032
i21_14_3.bmp,I21.BMP,0.819
i21_14_4.bmp,I21.BMP,0.58677
i21_14_5.bmp,I21.BMP,0.48893
i21_15_1.bmp,I21.BMP,0.37454
i21_15_2.bmp,I21.BMP,0.43401
i21_15_3.bmp,I21.BMP,0.47749
i21_15_4.bmp,I21.BMP,0.50481
i21_15_5.bmp,I21.BMP,0.49798
i21_16_1.bmp,I21.BMP,0.84332
i21_16_2.bmp,I21.BMP,0.81582
i21_16_3.bmp,I21.BMP,0.78485
i21_16_4.bmp,I21.BMP,0.7063
i21_16_5.bmp,I21.BMP,0.6357
i21_17_1.bmp,I21.BMP,0.73137
i21_17_2.bmp,I21.BMP,0.8634
i21_17_3.bmp,I21.BMP,0.59019
i21_17_4.bmp,I21.BMP,0.86919
i21_17_5.bmp,I21.BMP,0.47442
i21_18_1.bmp,I21.BMP,0.66191
i21_18_2.bmp,I21.BMP,0.58444
i21_18_3.bmp,I21.BMP,0.55604
i21_18_4.bmp,I21.BMP,0.48299
i21_18_5.bmp,I21.BMP,0.50823
i21_19_1.bmp,I21.BMP,0.73704
i21_19_2.bmp,I21.BMP,0.65238
i21_19_3.bmp,I21.BMP,0.54921
i21_19_4.bmp,I21.BMP,0.48774
i21_19_5.bmp,I21.BMP,0.45557
i21_20_1.bmp,I21.BMP,0.82224
i21_20_2.bmp,I21.BMP,0.77913
i21_20_3.bmp,I21.BMP,0.78143
i21_20_4.bmp,I21.BMP,0.66572
i21_20_5.bmp,I21.BMP,0.51561
i21_21_1.bmp,I21.BMP,0.75912
i21_21_2.bmp,I21.BMP,0.70289
i21_21_3.bmp,I21.BMP,0.58336
i21_21_4.bmp,I21.BMP,0.48432
i21_21_5.bmp,I21.BMP,0.35705
i21_22_1.bmp,I21.BMP,0.73362
i21_22_2.bmp,I21.BMP,0.7507
i21_22_3.bmp,I21.BMP,0.60234
i21_22_4.bmp,I21.BMP,0.4489
i21_22_5.bmp,I21.BMP,0.39553
i21_23_1.bmp,I21.BMP,0.84251
i21_23_2.bmp,I21.BMP,0.81217
i21_23_3.bmp,I21.BMP,0.77913
i21_23_4.bmp,I21.BMP,0.71655
i21_23_5.bmp,I21.BMP,0.37504
i21_24_1.bmp,I21.BMP,0.80915
i21_24_2.bmp,I21.BMP,0.7858
i21_24_3.bmp,I21.BMP,0.6824
i21_24_4.bmp,I21.BMP,0.40602
i21_24_5.bmp,I21.BMP,0.04036
I22_01_1.bmp,I22.BMP,0.79941
i22_01_2.bmp,I22.BMP,0.71637
i22_01_3.bmp,I22.BMP,0.66033
i22_01_4.bmp,I22.BMP,0.56161
i22_01_5.bmp,I22.BMP,0.49851
i22_02_1.bmp,I22.BMP,0.76921
i22_02_2.bmp,I22.BMP,0.80009
i22_02_3.bmp,I22.BMP,0.75034
i22_02_4.bmp,I22.BMP,0.70127
i22_02_5.bmp,I22.BMP,0.622
i22_03_1.bmp,I22.BMP,0.65297
i22_03_2.bmp,I22.BMP,0.58803
i22_03_3.bmp,I22.BMP,0.49367
i22_03_4.bmp,I22.BMP,0.40656
i22_03_5.bmp,I22.BMP,0.35289
i22_04_1.bmp,I22.BMP,0.79273
i22_04_2.bmp,I22.BMP,0.78537
i22_04_3.bmp,I22.BMP,0.74492
i22_04_4.bmp,I22.BMP,0.6824
i22_04_5.bmp,I22.BMP,0.5831
i22_05_1.bmp,I22.BMP,0.80696
i22_05_2.bmp,I22.BMP,0.78054
i22_05_3.bmp,I22.BMP,0.66401
i22_05_4.bmp,I22.BMP,0.56538
i22_05_5.bmp,I22.BMP,0.42195
i22_06_1.bmp,I22.BMP,0.63975
i22_06_2.bmp,I22.BMP,0.57385
i22_06_3.bmp,I22.BMP,0.50499
i22_06_4.bmp,I22.BMP,0.47694
i22_06_5.bmp,I22.BMP,0.43042
i22_07_1.bmp,I22.BMP,0.76699
i22_07_2.bmp,I22.BMP,0.69403
i22_07_3.bmp,I22.BMP,0.622
i22_07_4.bmp,I22.BMP,0.52387
i22_07_5.bmp,I22.BMP,0.35875
i22_08_1.bmp,I22.BMP,0.74656
i22_08_2.bmp,I22.BMP,0.62955
i22_08_3.bmp,I22.BMP,0.50795
i22_08_4.bmp,I22.BMP,0.41392
i22_08_5.bmp,I22.BMP,0.32933
i22_09_1.bmp,I22.BMP,0.80376
i22_09_2.bmp,I22.BMP,0.75789
i22_09_3.bmp,I22.BMP,0.62812
i22_09_4.bmp,I22.BMP,0.44334
i22_09_5.bmp,I22.BMP,0.25945
i22_10_1.bmp,I22.BMP,0.80257
i22_10_2.bmp,I22.BMP,0.76699
i22_10_3.bmp,I22.BMP,0.6824
i22_10_4.bmp,I22.BMP,0.48012
i22_10_5.bmp,I22.BMP,0.26342
I22_11_1.BMP,I22.BMP,0.73388
i22_11_2.bmp,I22.BMP,0.75595
i22_11_3.bmp,I22.BMP,0.57671
i22_11_4.bmp,I22.BMP,0.34269
i22_11_5.bmp,I22.BMP,0.08979
i22_12_1.bmp,I22.BMP,0.72014
i22_12_2.bmp,I22.BMP,0.79273
i22_12_3.bmp,I22.BMP,0.78905
i22_12_4.bmp,I22.BMP,0.59181
i22_12_5.bmp,I22.BMP,0.36156
I22_13_1.BMP,I22.BMP,0.71917
i22_13_2.bmp,I22.BMP,0.60149
i22_13_3.bmp,I22.BMP,0.49367
i22_13_4.bmp,I22.BMP,0.37714
i22_13_5.bmp,I22.BMP,0.32565
i22_14_1.bmp,I22.BMP,0.79273
i22_14_2.bmp,I22.BMP,0.80591
i22_14_3.bmp,I22.BMP,0.79186
i22_14_4.bmp,I22.BMP,0.62812
i22_14_5.bmp,I22.BMP,0.55367
i22_15_1.bmp,I22.BMP,0.40308
i22_15_2.bmp,I22.BMP,0.3993
i22_15_3.bmp,I22.BMP,0.42654
i22_15_4.bmp,I22.BMP,0.45215
i22_15_5.bmp,I22.BMP,0.50122
i22_16_1.bmp,I22.BMP,0.80645
i22_16_2.bmp,I22.BMP,0.74124
i22_16_3.bmp,I22.BMP,0.83319
i22_16_4.bmp,I22.BMP,0.62578
i22_16_5.bmp,I22.BMP,0.71917
i22_17_1.bmp,I22.BMP,0.73021
i22_17_2.bmp,I22.BMP,0.82583
i22_17_3.bmp,I22.BMP,0.57084
i22_17_4.bmp,I22.BMP,0.85893
i22_17_5.bmp,I22.BMP,0.4498
i22_18_1.bmp,I22.BMP,0.70446
i22_18_2.bmp,I22.BMP,0.6371
i22_18_3.bmp,I22.BMP,0.57293
i22_18_4.bmp,I22.BMP,0.50499
i22_18_5.bmp,I22.BMP,0.43139
i22_19_1.bmp,I22.BMP,0.70127
i22_19_2.bmp,I22.BMP,0.70127
i22_19_3.bmp,I22.BMP,0.63459
i22_19_4.bmp,I22.BMP,0.53896
i22_19_5.bmp,I22.BMP,0.48012
i22_20_1.bmp,I22.BMP,0.78431
i22_20_2.bmp,I22.BMP,0.78808
i22_20_3.bmp,I22.BMP,0.76166
i22_20_4.bmp,I22.BMP,0.66769
i22_20_5.bmp,I22.BMP,0.48857
i22_21_1.bmp,I22.BMP,0.76544
i22_21_2.bmp,I22.BMP,0.68617
i22_21_3.bmp,I22.BMP,0.63333
i22_21_4.bmp,I22.BMP,0.47644
i22_21_5.bmp,I22.BMP,0.34269
i22_22_1.bmp,I22.BMP,0.8148
i22_22_2.bmp,I22.BMP,0.73279
i22_22_3.bmp,I22.BMP,0.66769
i22_22_4.bmp,I22.BMP,0.60313
i22_22_5.bmp,I22.BMP,0.38043
i22_23_1.bmp,I22.BMP,0.87235
i22_23_2.bmp,I22.BMP,0.8447
i22_23_3.bmp,I22.BMP,0.71259
i22_23_4.bmp,I22.BMP,0.60149
i22_23_5.bmp,I22.BMP,0.26681
i22_24_1.bmp,I22.BMP,0.80009
i22_24_2.bmp,I22.BMP,0.74279
i22_24_3.bmp,I22.BMP,0.56998
i22_24_4.bmp,I22.BMP,0.28887
i22_24_5.bmp,I22.BMP,0.01807
I23_01_1.bmp,I23.BMP,0.78075
i23_01_2.bmp,I23.BMP,0.69059
i23_01_3.bmp,I23.BMP,0.64865
i23_01_4.bmp,I23.BMP,0.55126
i23_01_5.bmp,I23.BMP,0.50099
i23_02_1.bmp,I23.BMP,0.84692
i23_02_2.bmp,I23.BMP,0.8041
i23_02_3.bmp,I23.BMP,0.74797
i23_02_4.bmp,I23.BMP,0.68649
i23_02_5.bmp,I23.BMP,0.58537
i23_03_1.bmp,I23.BMP,0.62755
i23_03_2.bmp,I23.BMP,0.56355
i23_03_3.bmp,I23.BMP,0.47568
i23_03_4.bmp,I23.BMP,0.4335
i23_03_5.bmp,I23.BMP,0.34912
i23_04_1.bmp,I23.BMP,0.77099
i23_04_2.bmp,I23.BMP,0.77521
i23_04_3.bmp,I23.BMP,0.7288
i23_04_4.bmp,I23.BMP,0.65287
i23_04_5.bmp,I23.BMP,0.6149
i23_05_1.bmp,I23.BMP,0.83403
i23_05_2.bmp,I23.BMP,0.75411
i23_05_3.bmp,I23.BMP,0.69544
i23_05_4.bmp,I23.BMP,0.58404
i23_05_5.bmp,I23.BMP,0.44615
i23_06_1.bmp,I23.BMP,0.62755
i23_06_2.bmp,I23.BMP,0.58959
i23_06_3.bmp,I23.BMP,0.54318
i23_06_4.bmp,I23.BMP,0.48412
i23_06_5.bmp,I23.BMP,0.43772
i23_07_1.bmp,I23.BMP,0.67818
i23_07_2.bmp,I23.BMP,0.51723
i23_07_3.bmp,I23.BMP,0.49388
i23_07_4.bmp,I23.BMP,0.45881
i23_07_5.bmp,I23.BMP,0.3651
i23_08_1.bmp,I23.BMP,0.81763
i23_08_2.bmp,I23.BMP,0.75833
i23_08_3.bmp,I23.BMP,0.63599
i23_08_4.bmp,I23.BMP,0.53053
i23_08_5.bmp,I23.BMP,0.36274
i23_09_1.bmp,I23.BMP,0.9258
i23_09_2.bmp,I23.BMP,0.83403
i23_09_3.bmp,I23.BMP,0.78364
i23_09_4.bmp,I23.BMP,0.57693
i23_09_5.bmp,I23.BMP,0.34491
i23_10_1.bmp,I23.BMP,0.82173
i23_10_2.bmp,I23.BMP,0.7963
i23_10_3.bmp,I23.BMP,0.68661
i23_10_4.bmp,I23.BMP,0.48834
i23_10_5.bmp,I23.BMP,0.30947
I23_11_1.BMP,I23.BMP,0.71928
i23_11_2.bmp,I23.BMP,0.62093
i23_11_3.bmp,I23.BMP,0.4124
i23_11_4.bmp,I23.BMP,0.28687
i23_11_5.bmp,I23.BMP,0.08335
i23_12_1.bmp,I23.BMP,0.82148
i23_12_2.bmp,I23.BMP,0.78895
i23_12_3.bmp,I23.BMP,0.51028
i23_12_4.bmp,I23.BMP,0.37914
i23_12_5.bmp,I23.BMP,0.23161
I23_13_1.BMP,I23.BMP,0.61683
i23_13_2.bmp,I23.BMP,0.5607
i23_13_3.bmp,I23.BMP,0.44471
i23_13_4.bmp,I23.BMP,0.31959
i23_13_5.bmp,I23.BMP,0.33647
i23_14_1.bmp,I23.BMP,0.83812
i23_14_2.bmp,I23.BMP,0.86802
i23_14_3.bmp,I23.BMP,0.69083
i23_14_4.bmp,I23.BMP,0.69083
i23_14_5.bmp,I23.BMP,0.48159
i23_15_1.bmp,I23.BMP,0.38733
i23_15_2.bmp,I23.BMP,0.39143
i23_15_3.bmp,I23.BMP,0.43241
i23_15_4.bmp,I23.BMP,0.45459
i23_15_5.bmp,I23.BMP,0.48569
i23_16_1.bmp,I23.BMP,0.87364
i23_16_2.bmp,I23.BMP,0.80124
i23_16_3.bmp,I23.BMP,0.80052
i23_16_4.bmp,I23.BMP,0.71108
i23_16_5.bmp,I23.BMP,0.78485
i23_17_1.bmp,I23.BMP,0.77802
i23_17_2.bmp,I23.BMP,0.94058
i23_17_3.bmp,I23.BMP,0.65781
i23_17_4.bmp,I23.BMP,0.92418
i23_17_5.bmp,I23.BMP,0.52209
i23_18_1.bmp,I23.BMP,0.79208
i23_18_2.bmp,I23.BMP,0.77521
i23_18_3.bmp,I23.BMP,0.74568
i23_18_4.bmp,I23.BMP,0.69059
i23_18_5.bmp,I23.BMP,0.5938
i23_19_1.bmp,I23.BMP,0.78485
i23_19_2.bmp,I23.BMP,0.6783
i23_19_3.bmp,I23.BMP,0.62755
i23_19_4.bmp,I23.BMP,0.52257
i23_19_5.bmp,I23.BMP,0.457
i23_20_1.bmp,I23.BMP,0.76846
i23_20_2.bmp,I23.BMP,0.69505
i23_20_3.bmp,I23.BMP,0.55241
i23_20_4.bmp,I23.BMP,0.44471
i23_20_5.bmp,I23.BMP,0.34635
i23_21_1.bmp,I23.BMP,0.76846
i23_21_2.bmp,I23.BMP,0.65287
i23_21_3.bmp,I23.BMP,0.55635
i23_21_4.bmp,I23.BMP,0.4693
i23_21_5.bmp,I23.BMP,0.31116
i23_22_1.bmp,I23.BMP,0.85114
i23_22_2.bmp,I23.BMP,0.80944
i23_22_3.bmp,I23.BMP,0.68661
i23_22_4.bmp,I23.BMP,0.63177
i23_22_5.bmp,I23.BMP,0.53896
i23_23_1.bmp,I23.BMP,0.86929
i23_23_2.bmp,I23.BMP,0.81317
i23_23_3.bmp,I23.BMP,0.70699
i23_23_4.bmp,I23.BMP,0.50419
i23_23_5.bmp,I23.BMP,0.39553
i23_24_1.bmp,I23.BMP,0.80474
i23_24_2.bmp,I23.BMP,0.64443
i23_24_3.bmp,I23.BMP,0.49256
i23_24_4.bmp,I23.BMP,0.21298
i23_24_5.bmp,I23.BMP,0.07824
I24_01_1.bmp,I24.BMP,0.80944
i24_01_2.bmp,I24.BMP,0.69037
i24_01_3.bmp,I24.BMP,0.64255
i24_01_4.bmp,I24.BMP,0.55945
i24_01_5.bmp,I24.BMP,0.4792
i24_02_1.bmp,I24.BMP,0.88958
i24_02_2.bmp,I24.BMP,0.81317
i24_02_3.bmp,I24.BMP,0.70232
i24_02_4.bmp,I24.BMP,0.69469
i24_02_5.bmp,I24.BMP,0.61466
i24_03_1.bmp,I24.BMP,0.65371
i24_03_2.bmp,I24.BMP,0.57585
i24_03_3.bmp,I24.BMP,0.51437
i24_03_4.bmp,I24.BMP,0.43651
i24_03_5.bmp,I24.BMP,0.3517
i24_04_1.bmp,I24.BMP,0.80534
i24_04_2.bmp,I24.BMP,0.80192
i24_04_3.bmp,I24.BMP,0.75833
i24_04_4.bmp,I24.BMP,0.7063
i24_04_5.bmp,I24.BMP,0.62093
i24_05_1.bmp,I24.BMP,0.79794
i24_05_2.bmp,I24.BMP,0.73021
i24_05_3.bmp,I24.BMP,0.70232
i24_05_4.bmp,I24.BMP,0.54306
i24_05_5.bmp,I24.BMP,0.43139
i24_06_1.bmp,I24.BMP,0.63177
i24_06_2.bmp,I24.BMP,0.59224
i24_06_3.bmp,I24.BMP,0.53487
i24_06_4.bmp,I24.BMP,0.49115
i24_06_5.bmp,I24.BMP,0.43651
i24_07_1.bmp,I24.BMP,0.7581
i24_07_2.bmp,I24.BMP,0.62093
i24_07_3.bmp,I24.BMP,0.55162
i24_07_4.bmp,I24.BMP,0.37914
i24_07_5.bmp,I24.BMP,0.31584
i24_08_1.bmp,I24.BMP,0.81786
i24_08_2.bmp,I24.BMP,0.6783
i24_08_3.bmp,I24.BMP,0.54716
i24_08_4.bmp,I24.BMP,0.42084
i24_08_5.bmp,I24.BMP,0.34069
i24_09_1.bmp,I24.BMP,0.82583
i24_09_2.bmp,I24.BMP,0.72458
i24_09_3.bmp,I24.BMP,0.61466
i24_09_4.bmp,I24.BMP,0.45131
i24_09_5.bmp,I24.BMP,0.2521
i24_10_1.bmp,I24.BMP,0.80944
i24_10_2.bmp,I24.BMP,0.80124
i24_10_3.bmp,I24.BMP,0.63322
i24_10_4.bmp,I24.BMP,0.43537
i24_10_5.bmp,I24.BMP,0.231
I24_11_1.BMP,I24.BMP,0.73977
i24_11_2.bmp,I24.BMP,0.63893
i24_11_3.bmp,I24.BMP,0.54318
i24_11_4.bmp,I24.BMP,0.33406
i24_11_5.bmp,I24.BMP,0.09671
i24_12_1.bmp,I24.BMP,0.78075
i24_12_2.bmp,I24.BMP,0.83812
i24_12_3.bmp,I24.BMP,0.75194
i24_12_4.bmp,I24.BMP,0.46725
i24_12_5.bmp,I24.BMP,0.33577
I24_13_1.BMP,I24.BMP,0.5474
i24_13_2.bmp,I24.BMP,0.50208
i24_13_3.bmp,I24.BMP,0.44061
i24_13_4.bmp,I24.BMP,0.37959
i24_13_5.bmp,I24.BMP,0.32381
i24_14_1.bmp,I24.BMP,0.82583
i24_14_2.bmp,I24.BMP,0.82173
i24_14_3.bmp,I24.BMP,0.73157
i24_14_4.bmp,I24.BMP,0.70232
i24_14_5.bmp,I24.BMP,0.6306
i24_15_1.bmp,I24.BMP,0.54295
i24_15_2.bmp,I24.BMP,0.59634
i24_15_3.bmp,I24.BMP,0.52257
i24_15_4.bmp,I24.BMP,0.49115
i24_15_5.bmp,I24.BMP,0.45131
i24_16_1.bmp,I24.BMP,0.82173
i24_16_2.bmp,I24.BMP,0.84177
i24_16_3.bmp,I24.BMP,0.74797
i24_16_4.bmp,I24.BMP,0.77005
i24_16_5.bmp,I24.BMP,0.666
i24_17_1.bmp,I24.BMP,0.78997
i24_17_2.bmp,I24.BMP,0.89356
i24_17_3.bmp,I24.BMP,0.65451
i24_17_4.bmp,I24.BMP,0.92942
i24_17_5.bmp,I24.BMP,0.48159
i24_18_1.bmp,I24.BMP,0.65371
i24_18_2.bmp,I24.BMP,0.59547
i24_18_3.bmp,I24.BMP,0.52631
i24_18_4.bmp,I24.BMP,0.55536
i24_18_5.bmp,I24.BMP,0.50943
i24_19_1.bmp,I24.BMP,0.76436
i24_19_2.bmp,I24.BMP,0.70771
i24_19_3.bmp,I24.BMP,0.65052
i24_19_4.bmp,I24.BMP,0.55162
i24_19_5.bmp,I24.BMP,0.51847
i24_20_1.bmp,I24.BMP,0.84632
i24_20_2.bmp,I24.BMP,0.77005
i24_20_3.bmp,I24.BMP,0.70699
i24_20_4.bmp,I24.BMP,0.54306
i24_20_5.bmp,I24.BMP,0.4693
i24_21_1.bmp,I24.BMP,0.79396
i24_21_2.bmp,I24.BMP,0.65781
i24_21_3.bmp,I24.BMP,0.55945
i24_21_4.bmp,I24.BMP,0.44732
i24_21_5.bmp,I24.BMP,0.35045
i24_22_1.bmp,I24.BMP,0.79305
i24_22_2.bmp,I24.BMP,0.68661
i24_22_3.bmp,I24.BMP,0.62755
i24_22_4.bmp,I24.BMP,0.44334
i24_22_5.bmp,I24.BMP,0.35865
i24_23_1.bmp,I24.BMP,0.79714
i24_23_2.bmp,I24.BMP,0.82981
i24_23_3.bmp,I24.BMP,0.78075
i24_23_4.bmp,I24.BMP,0.69505
i24_23_5.bmp,I24.BMP,0.29428
i24_24_1.bmp,I24.BMP,0.78364
i24_24_2.bmp,I24.BMP,0.73157
i24_24_3.bmp,I24.BMP,0.58814
i24_24_4.bmp,I24.BMP,0.35865
i24_24_5.bmp,I24.BMP,0.02499
I25_01_1.bmp,i25.bmp,0.70289
i25_01_2.bmp,i25.bmp,0.63599
i25_01_3.bmp,i25.bmp,0.59634
i25_01_4.bmp,i25.bmp,0.52257
i25_01_5.bmp,i25.bmp,0.45928
i25_02_1.bmp,i25.bmp,0.76026
i25_02_2.bmp,i25.bmp,0.72224
i25_02_3.bmp,i25.bmp,0.71825
i25_02_4.bmp,i25.bmp,0.60453
i25_02_5.bmp,i25.bmp,0.50618
i25_03_1.bmp,i25.bmp,0.53896
i25_03_2.bmp,i25.bmp,0.4792
i25_03_3.bmp,i25.bmp,0.43139
i25_03_4.bmp,i25.bmp,0.38324
i25_03_5.bmp,i25.bmp,0.31186
i25_04_1.bmp,i25.bmp,0.88233
i25_04_2.bmp,i25.bmp,0.84974
i25_04_3.bmp,i25.bmp,0.80989
i25_04_4.bmp,i25.bmp,0.75411
i25_04_5.bmp,i25.bmp,0.71615
i25_05_1.bmp,i25.bmp,0.73021
i25_05_2.bmp,i25.bmp,0.71928
i25_05_3.bmp,i25.bmp,0.62662
i25_05_4.bmp,i25.bmp,0.51847
i25_05_5.bmp,i25.bmp,0.35967
i25_06_1.bmp,i25.bmp,0.59634
i25_06_2.bmp,i25.bmp,0.57994
i25_06_3.bmp,i25.bmp,0.49678
i25_06_4.bmp,i25.bmp,0.46326
i25_06_5.bmp,i25.bmp,0.39951
i25_07_1.bmp,i25.bmp,0.46725
i25_07_2.bmp,i25.bmp,0.41602
i25_07_3.bmp,i25.bmp,0.39988
i25_07_4.bmp,i25.bmp,0.35455
i25_07_5.bmp,i25.bmp,0.35865
i25_08_1.bmp,i25.bmp,0.75833
i25_08_2.bmp,i25.bmp,0.69037
i25_08_3.bmp,i25.bmp,0.58115
i25_08_4.bmp,i25.bmp,0.42084
i25_08_5.bmp,i25.bmp,0.24413
i25_09_1.bmp,i25.bmp,0.80192
i25_09_2.bmp,i25.bmp,0.71108
i25_09_3.bmp,i25.bmp,0.57175
i25_09_4.bmp,i25.bmp,0.4124
i25_09_5.bmp,i25.bmp,0.15647
i25_10_1.bmp,i25.bmp,0.80534
i25_10_2.bmp,i25.bmp,0.76436
i25_10_3.bmp,i25.bmp,0.57585
i25_10_4.bmp,i25.bmp,0.27319
i25_10_5.bmp,i25.bmp,0.17639
I25_11_1.BMP,i25.bmp,0.83812
i25_11_2.bmp,i25.bmp,0.80591
i25_11_3.bmp,i25.bmp,0.73419
i25_11_4.bmp,i25.bmp,0.67841
i25_11_5.bmp,i25.bmp,0.62502
i25_12_1.bmp,i25.bmp,0.82981
i25_12_2.bmp,i25.bmp,0.79714
i25_12_3.bmp,i25.bmp,0.65849
i25_12_4.bmp,i25.bmp,0.68674
i25_12_5.bmp,i25.bmp,0.63459
I25_13_1.BMP,i25.bmp,0.65781
i25_13_2.bmp,i25.bmp,0.78485
i25_13_3.bmp,i25.bmp,0.49388
i25_13_4.bmp,i25.bmp,0.62093
i25_13_5.bmp,i25.bmp,0.39963
i25_14_1.bmp,i25.bmp,0.78485
i25_14_2.bmp,i25.bmp,0.70289
i25_14_3.bmp,i25.bmp,0.69505
i25_14_4.bmp,i25.bmp,0.51437
i25_14_5.bmp,i25.bmp,0.41147
i25_15_1.bmp,i25.bmp,0.43537
i25_15_2.bmp,i25.bmp,0.38684
i25_15_3.bmp,i25.bmp,0.47123
i25_15_4.bmp,i25.bmp,0.53474
i25_15_5.bmp,i25.bmp,0.55945
i25_16_1.bmp,i25.bmp,0.81388
i25_16_2.bmp,i25.bmp,0.88559
i25_16_3.bmp,i25.bmp,0.79305
i25_16_4.bmp,i25.bmp,0.76208
i25_16_5.bmp,i25.bmp,0.60646
i25_17_1.bmp,i25.bmp,0.77005
i25_17_2.bmp,i25.bmp,0.94877
i25_17_3.bmp,i25.bmp,0.60863
i25_17_4.bmp,i25.bmp,0.88161
i25_17_5.bmp,i25.bmp,0.43651
i25_18_1.bmp,i25.bmp,0.77005
i25_18_2.bmp,i25.bmp,0.69083
i25_18_3.bmp,i25.bmp,0.60271
i25_18_4.bmp,i25.bmp,0.53896
i25_18_5.bmp,i25.bmp,0.34912
i25_19_1.bmp,i25.bmp,0.7063
i25_19_2.bmp,i25.bmp,0.57994
i25_19_3.bmp,i25.bmp,0.51506
i25_19_4.bmp,i25.bmp,0.50943
i25_19_5.bmp,i25.bmp,0.44471
i25_20_1.bmp,i25.bmp,0.77943
i25_20_2.bmp,i25.bmp,0.76026
i25_20_3.bmp,i25.bmp,0.6824
i25_20_4.bmp,i25.bmp,0.67841
i25_20_5.bmp,i25.bmp,0.54716
i25_21_1.bmp,i25.bmp,0.70699
i25_21_2.bmp,i25.bmp,0.60453
i25_21_3.bmp,i25.bmp,0.666
i25_21_4.bmp,i25.bmp,0.457
i25_21_5.bmp,i25.bmp,0.38324
i25_22_1.bmp,i25.bmp,0.65451
i25_22_2.bmp,i25.bmp,0.57482
i25_22_3.bmp,i25.bmp,0.50943
i25_22_4.bmp,i25.bmp,0.4529
i25_22_5.bmp,i25.bmp,0.366
i25_23_1.bmp,i25.bmp,0.86966
i25_23_2.bmp,i25.bmp,0.86567
i25_23_3.bmp,i25.bmp,0.85042
i25_23_4.bmp,i25.bmp,0.84632
i25_23_5.bmp,i25.bmp,0.82173
i25_24_1.bmp,i25.bmp,0.77665
i25_24_2.bmp,i25.bmp,0.74614
i25_24_3.bmp,i25.bmp,0.62912
i25_24_4.bmp,i25.bmp,0.54295
i25_24_5.bmp,i25.bmp,0.36274
